il,ilce,Bölge,ilkod,ilcekod,il_ilce
ADANA,ALADAĞ,AKDENİZ,TUR001,TUR001001,"ADANA, ALADAĞ"
ADANA,CEYHAN,AKDENİZ,TUR001,TUR001002,"ADANA, CEYHAN"
ADANA,ÇUKUROVA,AKDENİZ,TUR001,TUR001003,"ADANA, ÇUKUROVA"
ADANA,FEKE,AKDENİZ,TUR001,TUR001004,"ADANA, FEKE"
ADANA,İMAMOĞLU,AKDENİZ,TUR001,TUR001005,"ADANA, İMAMOĞLU"
ADANA,KARAİSALI,AKDENİZ,TUR001,TUR001006,"ADANA, KARAİSALI"
ADANA,KARATAŞ,AKDENİZ,TUR001,TUR001007,"ADANA, KARATAŞ"
ADANA,KOZAN,AKDENİZ,TUR001,TUR001008,"ADANA, KOZAN"
ADANA,POZANTI,AKDENİZ,TUR001,TUR001009,"ADANA, POZANTI"
ADANA,SAİMBEYLİ,AKDENİZ,TUR001,TUR001010,"ADANA, SAİMBEYLİ"
ADANA,SARIÇAM,AKDENİZ,TUR001,TUR001011,"ADANA, SARIÇAM"
ADANA,SEYHAN,AKDENİZ,TUR001,TUR001012,"ADANA, SEYHAN"
ADANA,TUFANBEYLİ,AKDENİZ,TUR001,TUR001013,"ADANA, TUFANBEYLİ"
ADANA,YUMURTALIK,AKDENİZ,TUR001,TUR001014,"ADANA, YUMURTALIK"
ADANA,YÜREĞİR,AKDENİZ,TUR001,TUR001015,"ADANA, YÜREĞİR"
ADIYAMAN,BESNİ,GÜNEYDOĞU ANADOLU,TUR002,TUR002002,"ADIYAMAN, BESNİ"
ADIYAMAN,ÇELİKHAN,GÜNEYDOĞU ANADOLU,TUR002,TUR002003,"ADIYAMAN, ÇELİKHAN"
ADIYAMAN,GERGER,GÜNEYDOĞU ANADOLU,TUR002,TUR002004,"ADIYAMAN, GERGER"
ADIYAMAN,GÖLBAŞI,GÜNEYDOĞU ANADOLU,TUR002,TUR002005,"ADIYAMAN, GÖLBAŞI"
ADIYAMAN,KAHTA,GÜNEYDOĞU ANADOLU,TUR002,TUR002006,"ADIYAMAN, KAHTA"
ADIYAMAN,ADIYAMAN,GÜNEYDOĞU ANADOLU,TUR002,TUR002001,"ADIYAMAN, ADIYAMAN"
ADIYAMAN,SAMSAT,GÜNEYDOĞU ANADOLU,TUR002,TUR002007,"ADIYAMAN, SAMSAT"
ADIYAMAN,SİNCİK,GÜNEYDOĞU ANADOLU,TUR002,TUR002008,"ADIYAMAN, SİNCİK"
ADIYAMAN,TUT,GÜNEYDOĞU ANADOLU,TUR002,TUR002009,"ADIYAMAN, TUT"
AFYONKARAHİSAR,BAŞMAKÇI,EGE,TUR003,TUR003002,"AFYONKARAHİSAR, BAŞMAKÇI"
AFYONKARAHİSAR,BAYAT,EGE,TUR003,TUR003003,"AFYONKARAHİSAR, BAYAT"
AFYONKARAHİSAR,BOLVADİN,EGE,TUR003,TUR003004,"AFYONKARAHİSAR, BOLVADİN"
AFYONKARAHİSAR,ÇAY,EGE,TUR003,TUR003005,"AFYONKARAHİSAR, ÇAY"
AFYONKARAHİSAR,ÇOBANLAR,EGE,TUR003,TUR003006,"AFYONKARAHİSAR, ÇOBANLAR"
AFYONKARAHİSAR,DAZKIRI,EGE,TUR003,TUR003007,"AFYONKARAHİSAR, DAZKIRI"
AFYONKARAHİSAR,DİNAR,EGE,TUR003,TUR003008,"AFYONKARAHİSAR, DİNAR"
AFYONKARAHİSAR,EMİRDAĞ,EGE,TUR003,TUR003009,"AFYONKARAHİSAR, EMİRDAĞ"
AFYONKARAHİSAR,EVCİLER,EGE,TUR003,TUR003010,"AFYONKARAHİSAR, EVCİLER"
AFYONKARAHİSAR,HOCALAR,EGE,TUR003,TUR003011,"AFYONKARAHİSAR, HOCALAR"
AFYONKARAHİSAR,İHSANİYE,EGE,TUR003,TUR003012,"AFYONKARAHİSAR, İHSANİYE"
AFYONKARAHİSAR,İSCEHİSAR,EGE,TUR003,TUR003013,"AFYONKARAHİSAR, İSCEHİSAR"
AFYONKARAHİSAR,KIZILÖREN,EGE,TUR003,TUR003014,"AFYONKARAHİSAR, KIZILÖREN"
AFYONKARAHİSAR,AFYONKARAHİSAR,EGE,TUR003,TUR003001,"AFYONKARAHİSAR, AFYONKARAHİSAR"
AFYONKARAHİSAR,SANDIKLI,EGE,TUR003,TUR003015,"AFYONKARAHİSAR, SANDIKLI"
AFYONKARAHİSAR,SİNANPAŞA,EGE,TUR003,TUR003016,"AFYONKARAHİSAR, SİNANPAŞA"
AFYONKARAHİSAR,ŞUHUT,EGE,TUR003,TUR003018,"AFYONKARAHİSAR, ŞUHUT"
AFYONKARAHİSAR,SULTANDAĞI,EGE,TUR003,TUR003017,"AFYONKARAHİSAR, SULTANDAĞI"
AĞRI,DİYADİN,DOĞU ANADOLU,TUR004,TUR004002,"AĞRI, DİYADİN"
AĞRI,DOĞUBAYAZIT,DOĞU ANADOLU,TUR004,TUR004003,"AĞRI, DOĞUBAYAZIT"
AĞRI,ELEŞKİRT,DOĞU ANADOLU,TUR004,TUR004004,"AĞRI, ELEŞKİRT"
AĞRI,HAMUR,DOĞU ANADOLU,TUR004,TUR004005,"AĞRI, HAMUR"
AĞRI,AĞRI,DOĞU ANADOLU,TUR004,TUR004001,"AĞRI, AĞRI"
AĞRI,PATNOS,DOĞU ANADOLU,TUR004,TUR004006,"AĞRI, PATNOS"
AĞRI,TAŞLIÇAY,DOĞU ANADOLU,TUR004,TUR004007,"AĞRI, TAŞLIÇAY"
AĞRI,TUTAK,DOĞU ANADOLU,TUR004,TUR004008,"AĞRI, TUTAK"
AKSARAY,AĞAÇÖREN,İÇ ANADOLU,TUR068,TUR068001,"AKSARAY, AĞAÇÖREN"
AKSARAY,ESKİL,İÇ ANADOLU,TUR068,TUR068003,"AKSARAY, ESKİL"
AKSARAY,GÜLAĞAÇ,İÇ ANADOLU,TUR068,TUR068004,"AKSARAY, GÜLAĞAÇ"
AKSARAY,GÜZELYURT,İÇ ANADOLU,TUR068,TUR068005,"AKSARAY, GÜZELYURT"
AKSARAY,AKSARAY,İÇ ANADOLU,TUR068,TUR068002,"AKSARAY, AKSARAY"
AKSARAY,ORTAKÖY,İÇ ANADOLU,TUR068,TUR068006,"AKSARAY, ORTAKÖY"
AKSARAY,SARIYAHŞİ,İÇ ANADOLU,TUR068,TUR068007,"AKSARAY, SARIYAHŞİ"
AKSARAY,SULTANHANI,İÇ ANADOLU,TUR068,TUR068008,"AKSARAY, SULTANHANI"
AMASYA,GÖYNÜCEK,KARADENİZ,TUR005,TUR005002,"AMASYA, GÖYNÜCEK"
AMASYA,GÜMÜŞHACIKÖY,KARADENİZ,TUR005,TUR005003,"AMASYA, GÜMÜŞHACIKÖY"
AMASYA,HAMAMÖZÜ,KARADENİZ,TUR005,TUR005004,"AMASYA, HAMAMÖZÜ"
AMASYA,AMASYA,KARADENİZ,TUR005,TUR005001,"AMASYA, AMASYA"
AMASYA,MERZİFON,KARADENİZ,TUR005,TUR005005,"AMASYA, MERZİFON"
AMASYA,SULUOVA,KARADENİZ,TUR005,TUR005006,"AMASYA, SULUOVA"
AMASYA,TAŞOVA,KARADENİZ,TUR005,TUR005007,"AMASYA, TAŞOVA"
ANKARA,AKYURT,İÇ ANADOLU,TUR006,TUR006001,"ANKARA, AKYURT"
ANKARA,ALTINDAĞ,İÇ ANADOLU,TUR006,TUR006002,"ANKARA, ALTINDAĞ"
ANKARA,AYAŞ,İÇ ANADOLU,TUR006,TUR006003,"ANKARA, AYAŞ"
ANKARA,BALA,İÇ ANADOLU,TUR006,TUR006004,"ANKARA, BALA"
ANKARA,BEYPAZARI,İÇ ANADOLU,TUR006,TUR006005,"ANKARA, BEYPAZARI"
ANKARA,ÇAMLIDERE,İÇ ANADOLU,TUR006,TUR006006,"ANKARA, ÇAMLIDERE"
ANKARA,ÇANKAYA,İÇ ANADOLU,TUR006,TUR006007,"ANKARA, ÇANKAYA"
ANKARA,ÇUBUK,İÇ ANADOLU,TUR006,TUR006008,"ANKARA, ÇUBUK"
ANKARA,ELMADAĞ,İÇ ANADOLU,TUR006,TUR006009,"ANKARA, ELMADAĞ"
ANKARA,ETİMESGUT,İÇ ANADOLU,TUR006,TUR006010,"ANKARA, ETİMESGUT"
ANKARA,EVREN,İÇ ANADOLU,TUR006,TUR006011,"ANKARA, EVREN"
ANKARA,GÖLBAŞI,İÇ ANADOLU,TUR006,TUR006012,"ANKARA, GÖLBAŞI"
ANKARA,GÜDÜL,İÇ ANADOLU,TUR006,TUR006013,"ANKARA, GÜDÜL"
ANKARA,HAYMANA,İÇ ANADOLU,TUR006,TUR006014,"ANKARA, HAYMANA"
ANKARA,KAHRAMANKAZAN,İÇ ANADOLU,TUR006,TUR006015,"ANKARA, KAHRAMANKAZAN"
ANKARA,KALECİK,İÇ ANADOLU,TUR006,TUR006016,"ANKARA, KALECİK"
ANKARA,KEÇİÖREN,İÇ ANADOLU,TUR006,TUR006017,"ANKARA, KEÇİÖREN"
ANKARA,KIZILCAHAMAM,İÇ ANADOLU,TUR006,TUR006018,"ANKARA, KIZILCAHAMAM"
ANKARA,MAMAK,İÇ ANADOLU,TUR006,TUR006019,"ANKARA, MAMAK"
ANKARA,NALLIHAN,İÇ ANADOLU,TUR006,TUR006020,"ANKARA, NALLIHAN"
ANKARA,POLATLI,İÇ ANADOLU,TUR006,TUR006021,"ANKARA, POLATLI"
ANKARA,PURSAKLAR,İÇ ANADOLU,TUR006,TUR006022,"ANKARA, PURSAKLAR"
ANKARA,ŞEREFLİKOÇHİSAR,İÇ ANADOLU,TUR006,TUR006024,"ANKARA, ŞEREFLİKOÇHİSAR"
ANKARA,SİNCAN,İÇ ANADOLU,TUR006,TUR006023,"ANKARA, SİNCAN"
ANKARA,YENİMAHALLE,İÇ ANADOLU,TUR006,TUR006025,"ANKARA, YENİMAHALLE"
ANTALYA,AKSEKİ,AKDENİZ,TUR007,TUR007001,"ANTALYA, AKSEKİ"
ANTALYA,AKSU,AKDENİZ,TUR007,TUR007002,"ANTALYA, AKSU"
ANTALYA,ALANYA,AKDENİZ,TUR007,TUR007003,"ANTALYA, ALANYA"
ANTALYA,DEMRE,AKDENİZ,TUR007,TUR007004,"ANTALYA, DEMRE"
ANTALYA,DÖŞEMEALTI,AKDENİZ,TUR007,TUR007005,"ANTALYA, DÖŞEMEALTI"
ANTALYA,ELMALI,AKDENİZ,TUR007,TUR007006,"ANTALYA, ELMALI"
ANTALYA,FİNİKE,AKDENİZ,TUR007,TUR007007,"ANTALYA, FİNİKE"
ANTALYA,GAZİPAŞA,AKDENİZ,TUR007,TUR007008,"ANTALYA, GAZİPAŞA"
ANTALYA,GÜNDOĞMUŞ,AKDENİZ,TUR007,TUR007009,"ANTALYA, GÜNDOĞMUŞ"
ANTALYA,İBRADI,AKDENİZ,TUR007,TUR007010,"ANTALYA, İBRADI"
ANTALYA,KAŞ,AKDENİZ,TUR007,TUR007011,"ANTALYA, KAŞ"
ANTALYA,KEMER,AKDENİZ,TUR007,TUR007012,"ANTALYA, KEMER"
ANTALYA,KEPEZ,AKDENİZ,TUR007,TUR007013,"ANTALYA, KEPEZ"
ANTALYA,KONYAALTI,AKDENİZ,TUR007,TUR007014,"ANTALYA, KONYAALTI"
ANTALYA,KORKUTELİ,AKDENİZ,TUR007,TUR007015,"ANTALYA, KORKUTELİ"
ANTALYA,KUMLUCA,AKDENİZ,TUR007,TUR007016,"ANTALYA, KUMLUCA"
ANTALYA,MANAVGAT,AKDENİZ,TUR007,TUR007017,"ANTALYA, MANAVGAT"
ANTALYA,MURATPAŞA,AKDENİZ,TUR007,TUR007018,"ANTALYA, MURATPAŞA"
ANTALYA,SERİK,AKDENİZ,TUR007,TUR007019,"ANTALYA, SERİK"
ARDAHAN,ÇILDIR,DOĞU ANADOLU,TUR075,TUR075002,"ARDAHAN, ÇILDIR"
ARDAHAN,DAMAL,DOĞU ANADOLU,TUR075,TUR075003,"ARDAHAN, DAMAL"
ARDAHAN,GÖLE,DOĞU ANADOLU,TUR075,TUR075004,"ARDAHAN, GÖLE"
ARDAHAN,HANAK,DOĞU ANADOLU,TUR075,TUR075005,"ARDAHAN, HANAK"
ARDAHAN,ARDAHAN,DOĞU ANADOLU,TUR075,TUR075001,"ARDAHAN, ARDAHAN"
ARDAHAN,POSOF,DOĞU ANADOLU,TUR075,TUR075006,"ARDAHAN, POSOF"
ARTVİN,ARDANUÇ,KARADENİZ,TUR008,TUR008001,"ARTVİN, ARDANUÇ"
ARTVİN,ARHAVİ,KARADENİZ,TUR008,TUR008002,"ARTVİN, ARHAVİ"
ARTVİN,BORÇKA,KARADENİZ,TUR008,TUR008004,"ARTVİN, BORÇKA"
ARTVİN,HOPA,KARADENİZ,TUR008,TUR008005,"ARTVİN, HOPA"
ARTVİN,KEMALPAŞA,KARADENİZ,TUR008,TUR008006,"ARTVİN, KEMALPAŞA"
ARTVİN,ARTVİN,KARADENİZ,TUR008,TUR008003,"ARTVİN, ARTVİN"
ARTVİN,MURGUL,KARADENİZ,TUR008,TUR008007,"ARTVİN, MURGUL"
ARTVİN,ŞAVŞAT,KARADENİZ,TUR008,TUR008008,"ARTVİN, ŞAVŞAT"
ARTVİN,YUSUFELİ,KARADENİZ,TUR008,TUR008009,"ARTVİN, YUSUFELİ"
AYDIN,BOZDOĞAN,EGE,TUR009,TUR009001,"AYDIN, BOZDOĞAN"
AYDIN,BUHARKENT,EGE,TUR009,TUR009002,"AYDIN, BUHARKENT"
AYDIN,ÇİNE,EGE,TUR009,TUR009003,"AYDIN, ÇİNE"
AYDIN,DİDİM,EGE,TUR009,TUR009004,"AYDIN, DİDİM"
AYDIN,EFELER,EGE,TUR009,TUR009005,"AYDIN, EFELER"
AYDIN,GERMENCİK,EGE,TUR009,TUR009006,"AYDIN, GERMENCİK"
AYDIN,İNCİRLİOVA,EGE,TUR009,TUR009007,"AYDIN, İNCİRLİOVA"
AYDIN,KARACASU,EGE,TUR009,TUR009008,"AYDIN, KARACASU"
AYDIN,KARPUZLU,EGE,TUR009,TUR009009,"AYDIN, KARPUZLU"
AYDIN,KOÇARLI,EGE,TUR009,TUR009010,"AYDIN, KOÇARLI"
AYDIN,KÖŞK,EGE,TUR009,TUR009011,"AYDIN, KÖŞK"
AYDIN,KUŞADASI,EGE,TUR009,TUR009012,"AYDIN, KUŞADASI"
AYDIN,KUYUCAK,EGE,TUR009,TUR009013,"AYDIN, KUYUCAK"
AYDIN,NAZİLLİ,EGE,TUR009,TUR009014,"AYDIN, NAZİLLİ"
AYDIN,SÖKE,EGE,TUR009,TUR009015,"AYDIN, SÖKE"
AYDIN,SULTANHİSAR,EGE,TUR009,TUR009016,"AYDIN, SULTANHİSAR"
AYDIN,YENİPAZAR,EGE,TUR009,TUR009017,"AYDIN, YENİPAZAR"
BALIKESİR,ALTIEYLÜL,MARMARA,TUR010,TUR010001,"BALIKESİR, ALTIEYLÜL"
BALIKESİR,AYVALIK,MARMARA,TUR010,TUR010002,"BALIKESİR, AYVALIK"
BALIKESİR,BALYA,MARMARA,TUR010,TUR010003,"BALIKESİR, BALYA"
BALIKESİR,BANDIRMA,MARMARA,TUR010,TUR010004,"BALIKESİR, BANDIRMA"
BALIKESİR,BİGADİÇ,MARMARA,TUR010,TUR010005,"BALIKESİR, BİGADİÇ"
BALIKESİR,BURHANİYE,MARMARA,TUR010,TUR010006,"BALIKESİR, BURHANİYE"
BALIKESİR,DURSUNBEY,MARMARA,TUR010,TUR010007,"BALIKESİR, DURSUNBEY"
BALIKESİR,EDREMİT,MARMARA,TUR010,TUR010008,"BALIKESİR, EDREMİT"
BALIKESİR,ERDEK,MARMARA,TUR010,TUR010009,"BALIKESİR, ERDEK"
BALIKESİR,GÖMEÇ,MARMARA,TUR010,TUR010010,"BALIKESİR, GÖMEÇ"
BALIKESİR,GÖNEN,MARMARA,TUR010,TUR010011,"BALIKESİR, GÖNEN"
BALIKESİR,HAVRAN,MARMARA,TUR010,TUR010012,"BALIKESİR, HAVRAN"
BALIKESİR,İVRİNDİ,MARMARA,TUR010,TUR010013,"BALIKESİR, İVRİNDİ"
BALIKESİR,KARESİ,MARMARA,TUR010,TUR010014,"BALIKESİR, KARESİ"
BALIKESİR,KEPSUT,MARMARA,TUR010,TUR010015,"BALIKESİR, KEPSUT"
BALIKESİR,MANYAS,MARMARA,TUR010,TUR010016,"BALIKESİR, MANYAS"
BALIKESİR,MARMARA,MARMARA,TUR010,TUR010017,"BALIKESİR, MARMARA"
BALIKESİR,SAVAŞTEPE,MARMARA,TUR010,TUR010018,"BALIKESİR, SAVAŞTEPE"
BALIKESİR,SINDIRGI,MARMARA,TUR010,TUR010019,"BALIKESİR, SINDIRGI"
BALIKESİR,SUSURLUK,MARMARA,TUR010,TUR010020,"BALIKESİR, SUSURLUK"
BARTIN,AMASRA,KARADENİZ,TUR074,TUR074001,"BARTIN, AMASRA"
BARTIN,KURUCAŞİLE,KARADENİZ,TUR074,TUR074003,"BARTIN, KURUCAŞİLE"
BARTIN,BARTIN,KARADENİZ,TUR074,TUR074002,"BARTIN, BARTIN"
BARTIN,ULUS,KARADENİZ,TUR074,TUR074004,"BARTIN, ULUS"
BATMAN,BEŞİRİ,GÜNEYDOĞU ANADOLU,TUR072,TUR072002,"BATMAN, BEŞİRİ"
BATMAN,GERCÜŞ,GÜNEYDOĞU ANADOLU,TUR072,TUR072003,"BATMAN, GERCÜŞ"
BATMAN,HASANKEYF,GÜNEYDOĞU ANADOLU,TUR072,TUR072004,"BATMAN, HASANKEYF"
BATMAN,KOZLUK,GÜNEYDOĞU ANADOLU,TUR072,TUR072005,"BATMAN, KOZLUK"
BATMAN,BATMAN,GÜNEYDOĞU ANADOLU,TUR072,TUR072001,"BATMAN, BATMAN"
BATMAN,SASON,GÜNEYDOĞU ANADOLU,TUR072,TUR072006,"BATMAN, SASON"
BAYBURT,AYDINTEPE,KARADENİZ,TUR069,TUR069001,"BAYBURT, AYDINTEPE"
BAYBURT,DEMİRÖZÜ,KARADENİZ,TUR069,TUR069003,"BAYBURT, DEMİRÖZÜ"
BAYBURT,BAYBURT,KARADENİZ,TUR069,TUR069002,"BAYBURT, BAYBURT"
BİLECİK,BOZÜYÜK,MARMARA,TUR011,TUR011002,"BİLECİK, BOZÜYÜK"
BİLECİK,GÖLPAZARI,MARMARA,TUR011,TUR011003,"BİLECİK, GÖLPAZARI"
BİLECİK,İNHİSAR,MARMARA,TUR011,TUR011004,"BİLECİK, İNHİSAR"
BİLECİK,BİLECİK,MARMARA,TUR011,TUR011001,"BİLECİK, BİLECİK"
BİLECİK,OSMANELİ,MARMARA,TUR011,TUR011005,"BİLECİK, OSMANELİ"
BİLECİK,PAZARYERİ,MARMARA,TUR011,TUR011006,"BİLECİK, PAZARYERİ"
BİLECİK,SÖĞÜT,MARMARA,TUR011,TUR011007,"BİLECİK, SÖĞÜT"
BİLECİK,YENİPAZAR,MARMARA,TUR011,TUR011008,"BİLECİK, YENİPAZAR"
BİNGÖL,ADAKLI,DOĞU ANADOLU,TUR012,TUR012001,"BİNGÖL, ADAKLI"
BİNGÖL,GENÇ,DOĞU ANADOLU,TUR012,TUR012003,"BİNGÖL, GENÇ"
BİNGÖL,KARLIOVA,DOĞU ANADOLU,TUR012,TUR012004,"BİNGÖL, KARLIOVA"
BİNGÖL,KİĞI,DOĞU ANADOLU,TUR012,TUR012005,"BİNGÖL, KİĞI"
BİNGÖL,BİNGÖL,DOĞU ANADOLU,TUR012,TUR012002,"BİNGÖL, BİNGÖL"
BİNGÖL,SOLHAN,DOĞU ANADOLU,TUR012,TUR012006,"BİNGÖL, SOLHAN"
BİNGÖL,YAYLADERE,DOĞU ANADOLU,TUR012,TUR012007,"BİNGÖL, YAYLADERE"
BİNGÖL,YEDİSU,DOĞU ANADOLU,TUR012,TUR012008,"BİNGÖL, YEDİSU"
BİTLİS,ADİLCEVAZ,DOĞU ANADOLU,TUR013,TUR013001,"BİTLİS, ADİLCEVAZ"
BİTLİS,AHLAT,DOĞU ANADOLU,TUR013,TUR013002,"BİTLİS, AHLAT"
BİTLİS,GÜROYMAK,DOĞU ANADOLU,TUR013,TUR013004,"BİTLİS, GÜROYMAK"
BİTLİS,HİZAN,DOĞU ANADOLU,TUR013,TUR013005,"BİTLİS, HİZAN"
BİTLİS,BİTLİS,DOĞU ANADOLU,TUR013,TUR013003,"BİTLİS, BİTLİS"
BİTLİS,MUTKİ,DOĞU ANADOLU,TUR013,TUR013006,"BİTLİS, MUTKİ"
BİTLİS,TATVAN,DOĞU ANADOLU,TUR013,TUR013007,"BİTLİS, TATVAN"
BOLU,DÖRTDİVAN,KARADENİZ,TUR014,TUR014002,"BOLU, DÖRTDİVAN"
BOLU,GEREDE,KARADENİZ,TUR014,TUR014003,"BOLU, GEREDE"
BOLU,GÖYNÜK,KARADENİZ,TUR014,TUR014004,"BOLU, GÖYNÜK"
BOLU,KIBRISCIK,KARADENİZ,TUR014,TUR014005,"BOLU, KIBRISCIK"
BOLU,MENGEN,KARADENİZ,TUR014,TUR014006,"BOLU, MENGEN"
BOLU,BOLU,KARADENİZ,TUR014,TUR014001,"BOLU, BOLU"
BOLU,MUDURNU,KARADENİZ,TUR014,TUR014007,"BOLU, MUDURNU"
BOLU,SEBEN,KARADENİZ,TUR014,TUR014008,"BOLU, SEBEN"
BOLU,YENİÇAĞA,KARADENİZ,TUR014,TUR014009,"BOLU, YENİÇAĞA"
BURDUR,AĞLASUN,AKDENİZ,TUR015,TUR015001,"BURDUR, AĞLASUN"
BURDUR,ALTINYAYLA,AKDENİZ,TUR015,TUR015002,"BURDUR, ALTINYAYLA"
BURDUR,BUCAK,AKDENİZ,TUR015,TUR015003,"BURDUR, BUCAK"
BURDUR,ÇAVDIR,AKDENİZ,TUR015,TUR015005,"BURDUR, ÇAVDIR"
BURDUR,ÇELTİKÇİ,AKDENİZ,TUR015,TUR015006,"BURDUR, ÇELTİKÇİ"
BURDUR,GÖLHİSAR,AKDENİZ,TUR015,TUR015007,"BURDUR, GÖLHİSAR"
BURDUR,KARAMANLI,AKDENİZ,TUR015,TUR015008,"BURDUR, KARAMANLI"
BURDUR,KEMER,AKDENİZ,TUR015,TUR015009,"BURDUR, KEMER"
BURDUR,BURDUR,AKDENİZ,TUR015,TUR015004,"BURDUR, BURDUR"
BURDUR,TEFENNİ,AKDENİZ,TUR015,TUR015010,"BURDUR, TEFENNİ"
BURDUR,YEŞİLOVA,AKDENİZ,TUR015,TUR015011,"BURDUR, YEŞİLOVA"
BURSA,BÜYÜKORHAN,MARMARA,TUR016,TUR016001,"BURSA, BÜYÜKORHAN"
BURSA,GEMLİK,MARMARA,TUR016,TUR016002,"BURSA, GEMLİK"
BURSA,GÜRSU,MARMARA,TUR016,TUR016003,"BURSA, GÜRSU"
BURSA,HARMANCIK,MARMARA,TUR016,TUR016004,"BURSA, HARMANCIK"
BURSA,İNEGÖL,MARMARA,TUR016,TUR016005,"BURSA, İNEGÖL"
BURSA,İZNİK,MARMARA,TUR016,TUR016006,"BURSA, İZNİK"
BURSA,KARACABEY,MARMARA,TUR016,TUR016007,"BURSA, KARACABEY"
BURSA,KELES,MARMARA,TUR016,TUR016008,"BURSA, KELES"
BURSA,KESTEL,MARMARA,TUR016,TUR016009,"BURSA, KESTEL"
BURSA,MUDANYA,MARMARA,TUR016,TUR016010,"BURSA, MUDANYA"
BURSA,MUSTAFAKEMALPAŞA,MARMARA,TUR016,TUR016011,"BURSA, MUSTAFAKEMALPAŞA"
BURSA,NİLÜFER,MARMARA,TUR016,TUR016012,"BURSA, NİLÜFER"
BURSA,ORHANELİ,MARMARA,TUR016,TUR016013,"BURSA, ORHANELİ"
BURSA,ORHANGAZİ,MARMARA,TUR016,TUR016014,"BURSA, ORHANGAZİ"
BURSA,OSMANGAZİ,MARMARA,TUR016,TUR016015,"BURSA, OSMANGAZİ"
BURSA,YENİŞEHİR,MARMARA,TUR016,TUR016016,"BURSA, YENİŞEHİR"
BURSA,YILDIRIM,MARMARA,TUR016,TUR016017,"BURSA, YILDIRIM"
ÇANAKKALE,AYVACIK,MARMARA,TUR017,TUR017001,"ÇANAKKALE, AYVACIK"
ÇANAKKALE,BAYRAMİÇ,MARMARA,TUR017,TUR017002,"ÇANAKKALE, BAYRAMİÇ"
ÇANAKKALE,BİGA,MARMARA,TUR017,TUR017003,"ÇANAKKALE, BİGA"
ÇANAKKALE,BOZCAADA,MARMARA,TUR017,TUR017004,"ÇANAKKALE, BOZCAADA"
ÇANAKKALE,ÇAN,MARMARA,TUR017,TUR017005,"ÇANAKKALE, ÇAN"
ÇANAKKALE,ECEABAT,MARMARA,TUR017,TUR017007,"ÇANAKKALE, ECEABAT"
ÇANAKKALE,EZİNE,MARMARA,TUR017,TUR017008,"ÇANAKKALE, EZİNE"
ÇANAKKALE,GELİBOLU,MARMARA,TUR017,TUR017009,"ÇANAKKALE, GELİBOLU"
ÇANAKKALE,GÖKÇEADA,MARMARA,TUR017,TUR017010,"ÇANAKKALE, GÖKÇEADA"
ÇANAKKALE,LAPSEKİ,MARMARA,TUR017,TUR017011,"ÇANAKKALE, LAPSEKİ"
ÇANAKKALE,ÇANAKKALE,MARMARA,TUR017,TUR017006,"ÇANAKKALE, ÇANAKKALE"
ÇANAKKALE,YENİCE,MARMARA,TUR017,TUR017012,"ÇANAKKALE, YENİCE"
ÇANKIRI,ATKARACALAR,İÇ ANADOLU,TUR018,TUR018001,"ÇANKIRI, ATKARACALAR"
ÇANKIRI,ÇERKEŞ,İÇ ANADOLU,TUR018,TUR018004,"ÇANKIRI, ÇERKEŞ"
ÇANKIRI,ELDİVAN,İÇ ANADOLU,TUR018,TUR018005,"ÇANKIRI, ELDİVAN"
ÇANKIRI,ILGAZ,İÇ ANADOLU,TUR018,TUR018006,"ÇANKIRI, ILGAZ"
ÇANKIRI,KIZILIRMAK,İÇ ANADOLU,TUR018,TUR018007,"ÇANKIRI, KIZILIRMAK"
ÇANKIRI,KORGUN,İÇ ANADOLU,TUR018,TUR018008,"ÇANKIRI, KORGUN"
ÇANKIRI,KURŞUNLU,İÇ ANADOLU,TUR018,TUR018009,"ÇANKIRI, KURŞUNLU"
ÇANKIRI,BAYRAMÖREN,İÇ ANADOLU,TUR018,TUR018002,"ÇANKIRI, BAYRAMÖREN"
ÇANKIRI,ÇANKIRI,İÇ ANADOLU,TUR018,TUR018003,"ÇANKIRI, ÇANKIRI"
ÇANKIRI,ORTA,İÇ ANADOLU,TUR018,TUR018010,"ÇANKIRI, ORTA"
ÇANKIRI,ŞABANÖZÜ,İÇ ANADOLU,TUR018,TUR018011,"ÇANKIRI, ŞABANÖZÜ"
ÇANKIRI,YAPRAKLI,İÇ ANADOLU,TUR018,TUR018012,"ÇANKIRI, YAPRAKLI"
ÇORUM,ALACA,KARADENİZ,TUR019,TUR019001,"ÇORUM, ALACA"
ÇORUM,BAYAT,KARADENİZ,TUR019,TUR019002,"ÇORUM, BAYAT"
ÇORUM,BOĞAZKALE,KARADENİZ,TUR019,TUR019003,"ÇORUM, BOĞAZKALE"
ÇORUM,DODURGA,KARADENİZ,TUR019,TUR019005,"ÇORUM, DODURGA"
ÇORUM,İSKİLİP,KARADENİZ,TUR019,TUR019006,"ÇORUM, İSKİLİP"
ÇORUM,KARGI,KARADENİZ,TUR019,TUR019007,"ÇORUM, KARGI"
ÇORUM,LAÇİN,KARADENİZ,TUR019,TUR019008,"ÇORUM, LAÇİN"
ÇORUM,MECİTÖZÜ,KARADENİZ,TUR019,TUR019009,"ÇORUM, MECİTÖZÜ"
ÇORUM,ÇORUM,KARADENİZ,TUR019,TUR019004,"ÇORUM, ÇORUM"
ÇORUM,OĞUZLAR,KARADENİZ,TUR019,TUR019010,"ÇORUM, OĞUZLAR"
ÇORUM,ORTAKÖY,KARADENİZ,TUR019,TUR019011,"ÇORUM, ORTAKÖY"
ÇORUM,OSMANCIK,KARADENİZ,TUR019,TUR019012,"ÇORUM, OSMANCIK"
ÇORUM,SUNGURLU,KARADENİZ,TUR019,TUR019013,"ÇORUM, SUNGURLU"
ÇORUM,UĞURLUDAĞ,KARADENİZ,TUR019,TUR019014,"ÇORUM, UĞURLUDAĞ"
DENİZLİ,ACIPAYAM,EGE,TUR020,TUR020001,"DENİZLİ, ACIPAYAM"
DENİZLİ,BABADAĞ,EGE,TUR020,TUR020002,"DENİZLİ, BABADAĞ"
DENİZLİ,BAKLAN,EGE,TUR020,TUR020003,"DENİZLİ, BAKLAN"
DENİZLİ,BEKİLLİ,EGE,TUR020,TUR020004,"DENİZLİ, BEKİLLİ"
DENİZLİ,BEYAĞAÇ,EGE,TUR020,TUR020005,"DENİZLİ, BEYAĞAÇ"
DENİZLİ,BOZKURT,EGE,TUR020,TUR020006,"DENİZLİ, BOZKURT"
DENİZLİ,BULDAN,EGE,TUR020,TUR020007,"DENİZLİ, BULDAN"
DENİZLİ,ÇAL,EGE,TUR020,TUR020008,"DENİZLİ, ÇAL"
DENİZLİ,ÇAMELİ,EGE,TUR020,TUR020009,"DENİZLİ, ÇAMELİ"
DENİZLİ,ÇARDAK,EGE,TUR020,TUR020010,"DENİZLİ, ÇARDAK"
DENİZLİ,ÇİVRİL,EGE,TUR020,TUR020011,"DENİZLİ, ÇİVRİL"
DENİZLİ,GÜNEY,EGE,TUR020,TUR020012,"DENİZLİ, GÜNEY"
DENİZLİ,HONAZ,EGE,TUR020,TUR020013,"DENİZLİ, HONAZ"
DENİZLİ,KALE,EGE,TUR020,TUR020014,"DENİZLİ, KALE"
DENİZLİ,MERKEZEFENDİ,EGE,TUR020,TUR020015,"DENİZLİ, MERKEZEFENDİ"
DENİZLİ,PAMUKKALE,EGE,TUR020,TUR020016,"DENİZLİ, PAMUKKALE"
DENİZLİ,SARAYKÖY,EGE,TUR020,TUR020017,"DENİZLİ, SARAYKÖY"
DENİZLİ,SERİNHİSAR,EGE,TUR020,TUR020018,"DENİZLİ, SERİNHİSAR"
DENİZLİ,TAVAS,EGE,TUR020,TUR020019,"DENİZLİ, TAVAS"
DİYARBAKIR,BAĞLAR,GÜNEYDOĞU ANADOLU,TUR021,TUR021001,"DİYARBAKIR, BAĞLAR"
DİYARBAKIR,BİSMİL,GÜNEYDOĞU ANADOLU,TUR021,TUR021002,"DİYARBAKIR, BİSMİL"
DİYARBAKIR,ÇERMİK,GÜNEYDOĞU ANADOLU,TUR021,TUR021003,"DİYARBAKIR, ÇERMİK"
DİYARBAKIR,ÇINAR,GÜNEYDOĞU ANADOLU,TUR021,TUR021004,"DİYARBAKIR, ÇINAR"
DİYARBAKIR,ÇÜNGÜŞ,GÜNEYDOĞU ANADOLU,TUR021,TUR021005,"DİYARBAKIR, ÇÜNGÜŞ"
DİYARBAKIR,DİCLE,GÜNEYDOĞU ANADOLU,TUR021,TUR021006,"DİYARBAKIR, DİCLE"
DİYARBAKIR,EĞİL,GÜNEYDOĞU ANADOLU,TUR021,TUR021007,"DİYARBAKIR, EĞİL"
DİYARBAKIR,ERGANİ,GÜNEYDOĞU ANADOLU,TUR021,TUR021008,"DİYARBAKIR, ERGANİ"
DİYARBAKIR,HANİ,GÜNEYDOĞU ANADOLU,TUR021,TUR021009,"DİYARBAKIR, HANİ"
DİYARBAKIR,HAZRO,GÜNEYDOĞU ANADOLU,TUR021,TUR021010,"DİYARBAKIR, HAZRO"
DİYARBAKIR,KAYAPINAR,GÜNEYDOĞU ANADOLU,TUR021,TUR021011,"DİYARBAKIR, KAYAPINAR"
DİYARBAKIR,KOCAKÖY,GÜNEYDOĞU ANADOLU,TUR021,TUR021012,"DİYARBAKIR, KOCAKÖY"
DİYARBAKIR,KULP,GÜNEYDOĞU ANADOLU,TUR021,TUR021013,"DİYARBAKIR, KULP"
DİYARBAKIR,LİCE,GÜNEYDOĞU ANADOLU,TUR021,TUR021014,"DİYARBAKIR, LİCE"
DİYARBAKIR,SİLVAN,GÜNEYDOĞU ANADOLU,TUR021,TUR021015,"DİYARBAKIR, SİLVAN"
DİYARBAKIR,SUR,GÜNEYDOĞU ANADOLU,TUR021,TUR021016,"DİYARBAKIR, SUR"
DİYARBAKIR,YENİŞEHİR,GÜNEYDOĞU ANADOLU,TUR021,TUR021017,"DİYARBAKIR, YENİŞEHİR"
DÜZCE,AKÇAKOCA,KARADENİZ,TUR081,TUR081001,"DÜZCE, AKÇAKOCA"
DÜZCE,ÇİLİMLİ,KARADENİZ,TUR081,TUR081003,"DÜZCE, ÇİLİMLİ"
DÜZCE,CUMAYERİ,KARADENİZ,TUR081,TUR081002,"DÜZCE, CUMAYERİ"
DÜZCE,GÖLYAKA,KARADENİZ,TUR081,TUR081005,"DÜZCE, GÖLYAKA"
DÜZCE,GÜMÜŞOVA,KARADENİZ,TUR081,TUR081006,"DÜZCE, GÜMÜŞOVA"
DÜZCE,KAYNAŞLI,KARADENİZ,TUR081,TUR081007,"DÜZCE, KAYNAŞLI"
DÜZCE,DÜZCE,KARADENİZ,TUR081,TUR081004,"DÜZCE, DÜZCE"
DÜZCE,YIĞILCA,KARADENİZ,TUR081,TUR081008,"DÜZCE, YIĞILCA"
EDİRNE,ENEZ,MARMARA,TUR022,TUR022002,"EDİRNE, ENEZ"
EDİRNE,HAVSA,MARMARA,TUR022,TUR022003,"EDİRNE, HAVSA"
EDİRNE,İPSALA,MARMARA,TUR022,TUR022004,"EDİRNE, İPSALA"
EDİRNE,KEŞAN,MARMARA,TUR022,TUR022005,"EDİRNE, KEŞAN"
EDİRNE,LALAPAŞA,MARMARA,TUR022,TUR022006,"EDİRNE, LALAPAŞA"
EDİRNE,MERİÇ,MARMARA,TUR022,TUR022007,"EDİRNE, MERİÇ"
EDİRNE,EDİRNE,MARMARA,TUR022,TUR022001,"EDİRNE, EDİRNE"
EDİRNE,SÜLOĞLU,MARMARA,TUR022,TUR022008,"EDİRNE, SÜLOĞLU"
EDİRNE,UZUNKÖPRÜ,MARMARA,TUR022,TUR022009,"EDİRNE, UZUNKÖPRÜ"
ELAZIĞ,AĞIN,DOĞU ANADOLU,TUR023,TUR023001,"ELAZIĞ, AĞIN"
ELAZIĞ,ALACAKAYA,DOĞU ANADOLU,TUR023,TUR023002,"ELAZIĞ, ALACAKAYA"
ELAZIĞ,ARICAK,DOĞU ANADOLU,TUR023,TUR023003,"ELAZIĞ, ARICAK"
ELAZIĞ,BASKİL,DOĞU ANADOLU,TUR023,TUR023004,"ELAZIĞ, BASKİL"
ELAZIĞ,KARAKOÇAN,DOĞU ANADOLU,TUR023,TUR023006,"ELAZIĞ, KARAKOÇAN"
ELAZIĞ,KEBAN,DOĞU ANADOLU,TUR023,TUR023007,"ELAZIĞ, KEBAN"
ELAZIĞ,KOVANCILAR,DOĞU ANADOLU,TUR023,TUR023008,"ELAZIĞ, KOVANCILAR"
ELAZIĞ,MADEN,DOĞU ANADOLU,TUR023,TUR023009,"ELAZIĞ, MADEN"
ELAZIĞ,ELAZIĞ,DOĞU ANADOLU,TUR023,TUR023005,"ELAZIĞ, ELAZIĞ"
ELAZIĞ,PALU,DOĞU ANADOLU,TUR023,TUR023010,"ELAZIĞ, PALU"
ELAZIĞ,SİVRİCE,DOĞU ANADOLU,TUR023,TUR023011,"ELAZIĞ, SİVRİCE"
ERZİNCAN,ÇAYIRLI,DOĞU ANADOLU,TUR024,TUR024001,"ERZİNCAN, ÇAYIRLI"
ERZİNCAN,İLİÇ,DOĞU ANADOLU,TUR024,TUR024003,"ERZİNCAN, İLİÇ"
ERZİNCAN,KEMAH,DOĞU ANADOLU,TUR024,TUR024004,"ERZİNCAN, KEMAH"
ERZİNCAN,KEMALİYE,DOĞU ANADOLU,TUR024,TUR024005,"ERZİNCAN, KEMALİYE"
ERZİNCAN,ERZİNCAN,DOĞU ANADOLU,TUR024,TUR024002,"ERZİNCAN, ERZİNCAN"
ERZİNCAN,OTLUKBELİ,DOĞU ANADOLU,TUR024,TUR024006,"ERZİNCAN, OTLUKBELİ"
ERZİNCAN,REFAHİYE,DOĞU ANADOLU,TUR024,TUR024007,"ERZİNCAN, REFAHİYE"
ERZİNCAN,TERCAN,DOĞU ANADOLU,TUR024,TUR024008,"ERZİNCAN, TERCAN"
ERZİNCAN,ÜZÜMLÜ,DOĞU ANADOLU,TUR024,TUR024009,"ERZİNCAN, ÜZÜMLÜ"
ERZURUM,AŞKALE,DOĞU ANADOLU,TUR025,TUR025001,"ERZURUM, AŞKALE"
ERZURUM,AZİZİYE,DOĞU ANADOLU,TUR025,TUR025002,"ERZURUM, AZİZİYE"
ERZURUM,ÇAT,DOĞU ANADOLU,TUR025,TUR025003,"ERZURUM, ÇAT"
ERZURUM,HINIS,DOĞU ANADOLU,TUR025,TUR025004,"ERZURUM, HINIS"
ERZURUM,HORASAN,DOĞU ANADOLU,TUR025,TUR025005,"ERZURUM, HORASAN"
ERZURUM,İSPİR,DOĞU ANADOLU,TUR025,TUR025006,"ERZURUM, İSPİR"
ERZURUM,KARAÇOBAN,DOĞU ANADOLU,TUR025,TUR025007,"ERZURUM, KARAÇOBAN"
ERZURUM,KARAYAZI,DOĞU ANADOLU,TUR025,TUR025008,"ERZURUM, KARAYAZI"
ERZURUM,KÖPRÜKÖY,DOĞU ANADOLU,TUR025,TUR025009,"ERZURUM, KÖPRÜKÖY"
ERZURUM,NARMAN,DOĞU ANADOLU,TUR025,TUR025010,"ERZURUM, NARMAN"
ERZURUM,OLTU,DOĞU ANADOLU,TUR025,TUR025011,"ERZURUM, OLTU"
ERZURUM,OLUR,DOĞU ANADOLU,TUR025,TUR025012,"ERZURUM, OLUR"
ERZURUM,PALANDÖKEN,DOĞU ANADOLU,TUR025,TUR025013,"ERZURUM, PALANDÖKEN"
ERZURUM,PASİNLER,DOĞU ANADOLU,TUR025,TUR025014,"ERZURUM, PASİNLER"
ERZURUM,PAZARYOLU,DOĞU ANADOLU,TUR025,TUR025015,"ERZURUM, PAZARYOLU"
ERZURUM,ŞENKAYA,DOĞU ANADOLU,TUR025,TUR025016,"ERZURUM, ŞENKAYA"
ERZURUM,TEKMAN,DOĞU ANADOLU,TUR025,TUR025017,"ERZURUM, TEKMAN"
ERZURUM,TORTUM,DOĞU ANADOLU,TUR025,TUR025018,"ERZURUM, TORTUM"
ERZURUM,UZUNDERE,DOĞU ANADOLU,TUR025,TUR025019,"ERZURUM, UZUNDERE"
ERZURUM,YAKUTİYE,DOĞU ANADOLU,TUR025,TUR025020,"ERZURUM, YAKUTİYE"
ESKİŞEHİR,ALPU,İÇ ANADOLU,TUR026,TUR026001,"ESKİŞEHİR, ALPU"
ESKİŞEHİR,BEYLİKOVA,İÇ ANADOLU,TUR026,TUR026002,"ESKİŞEHİR, BEYLİKOVA"
ESKİŞEHİR,ÇİFTELER,İÇ ANADOLU,TUR026,TUR026003,"ESKİŞEHİR, ÇİFTELER"
ESKİŞEHİR,GÜNYÜZÜ,İÇ ANADOLU,TUR026,TUR026004,"ESKİŞEHİR, GÜNYÜZÜ"
ESKİŞEHİR,HAN,İÇ ANADOLU,TUR026,TUR026005,"ESKİŞEHİR, HAN"
ESKİŞEHİR,İNÖNÜ,İÇ ANADOLU,TUR026,TUR026006,"ESKİŞEHİR, İNÖNÜ"
ESKİŞEHİR,MAHMUDİYE,İÇ ANADOLU,TUR026,TUR026007,"ESKİŞEHİR, MAHMUDİYE"
ESKİŞEHİR,MİHALGAZİ,İÇ ANADOLU,TUR026,TUR026008,"ESKİŞEHİR, MİHALGAZİ"
ESKİŞEHİR,MİHALIÇÇIK,İÇ ANADOLU,TUR026,TUR026009,"ESKİŞEHİR, MİHALIÇÇIK"
ESKİŞEHİR,ODUNPAZARI,İÇ ANADOLU,TUR026,TUR026010,"ESKİŞEHİR, ODUNPAZARI"
ESKİŞEHİR,SARICAKAYA,İÇ ANADOLU,TUR026,TUR026011,"ESKİŞEHİR, SARICAKAYA"
ESKİŞEHİR,SEYİTGAZİ,İÇ ANADOLU,TUR026,TUR026012,"ESKİŞEHİR, SEYİTGAZİ"
ESKİŞEHİR,SİVRİHİSAR,İÇ ANADOLU,TUR026,TUR026013,"ESKİŞEHİR, SİVRİHİSAR"
ESKİŞEHİR,TEPEBAŞI,İÇ ANADOLU,TUR026,TUR026014,"ESKİŞEHİR, TEPEBAŞI"
GAZİANTEP,ARABAN,GÜNEYDOĞU ANADOLU,TUR027,TUR027001,"GAZİANTEP, ARABAN"
GAZİANTEP,İSLAHİYE,GÜNEYDOĞU ANADOLU,TUR027,TUR027002,"GAZİANTEP, İSLAHİYE"
GAZİANTEP,KARKAMIŞ,GÜNEYDOĞU ANADOLU,TUR027,TUR027003,"GAZİANTEP, KARKAMIŞ"
GAZİANTEP,NİZİP,GÜNEYDOĞU ANADOLU,TUR027,TUR027004,"GAZİANTEP, NİZİP"
GAZİANTEP,NURDAĞI,GÜNEYDOĞU ANADOLU,TUR027,TUR027005,"GAZİANTEP, NURDAĞI"
GAZİANTEP,OĞUZELİ,GÜNEYDOĞU ANADOLU,TUR027,TUR027006,"GAZİANTEP, OĞUZELİ"
GAZİANTEP,ŞAHİNBEY,GÜNEYDOĞU ANADOLU,TUR027,TUR027007,"GAZİANTEP, ŞAHİNBEY"
GAZİANTEP,ŞEHİTKAMİL,GÜNEYDOĞU ANADOLU,TUR027,TUR027008,"GAZİANTEP, ŞEHİTKAMİL"
GAZİANTEP,YAVUZELİ,GÜNEYDOĞU ANADOLU,TUR027,TUR027009,"GAZİANTEP, YAVUZELİ"
GİRESUN,ALUCRA,KARADENİZ,TUR028,TUR028001,"GİRESUN, ALUCRA"
GİRESUN,BULANCAK,KARADENİZ,TUR028,TUR028002,"GİRESUN, BULANCAK"
GİRESUN,ÇAMOLUK,KARADENİZ,TUR028,TUR028003,"GİRESUN, ÇAMOLUK"
GİRESUN,ÇANAKÇI,KARADENİZ,TUR028,TUR028004,"GİRESUN, ÇANAKÇI"
GİRESUN,DERELİ,KARADENİZ,TUR028,TUR028005,"GİRESUN, DERELİ"
GİRESUN,DOĞANKENT,KARADENİZ,TUR028,TUR028006,"GİRESUN, DOĞANKENT"
GİRESUN,ESPİYE,KARADENİZ,TUR028,TUR028007,"GİRESUN, ESPİYE"
GİRESUN,EYNESİL,KARADENİZ,TUR028,TUR028008,"GİRESUN, EYNESİL"
GİRESUN,GÖRELE,KARADENİZ,TUR028,TUR028010,"GİRESUN, GÖRELE"
GİRESUN,GÜCE,KARADENİZ,TUR028,TUR028011,"GİRESUN, GÜCE"
GİRESUN,KEŞAP,KARADENİZ,TUR028,TUR028012,"GİRESUN, KEŞAP"
GİRESUN,GİRESUN,KARADENİZ,TUR028,TUR028009,"GİRESUN, GİRESUN"
GİRESUN,PİRAZİZ,KARADENİZ,TUR028,TUR028013,"GİRESUN, PİRAZİZ"
GİRESUN,ŞEBİNKARAHİSAR,KARADENİZ,TUR028,TUR028014,"GİRESUN, ŞEBİNKARAHİSAR"
GİRESUN,TİREBOLU,KARADENİZ,TUR028,TUR028015,"GİRESUN, TİREBOLU"
GİRESUN,YAĞLIDERE,KARADENİZ,TUR028,TUR028016,"GİRESUN, YAĞLIDERE"
GÜMÜŞHANE,KELKİT,KARADENİZ,TUR029,TUR029002,"GÜMÜŞHANE, KELKİT"
GÜMÜŞHANE,KÖSE,KARADENİZ,TUR029,TUR029003,"GÜMÜŞHANE, KÖSE"
GÜMÜŞHANE,KÜRTÜN,KARADENİZ,TUR029,TUR029004,"GÜMÜŞHANE, KÜRTÜN"
GÜMÜŞHANE,GÜMÜŞHANE,KARADENİZ,TUR029,TUR029001,"GÜMÜŞHANE, GÜMÜŞHANE"
GÜMÜŞHANE,ŞİRAN,KARADENİZ,TUR029,TUR029005,"GÜMÜŞHANE, ŞİRAN"
GÜMÜŞHANE,TORUL,KARADENİZ,TUR029,TUR029006,"GÜMÜŞHANE, TORUL"
HAKKARİ,ÇUKURCA,DOĞU ANADOLU,TUR030,TUR030001,"HAKKARİ, ÇUKURCA"
HAKKARİ,DERECİK,DOĞU ANADOLU,TUR030,TUR030005,"HAKKARİ, DERECİK"
HAKKARİ,HAKKARİ,DOĞU ANADOLU,TUR030,TUR030002,"HAKKARİ, HAKKARİ"
HAKKARİ,ŞEMDİNLİ,DOĞU ANADOLU,TUR030,TUR030003,"HAKKARİ, ŞEMDİNLİ"
HAKKARİ,YÜKSEKOVA,DOĞU ANADOLU,TUR030,TUR030004,"HAKKARİ, YÜKSEKOVA"
HATAY,ALTINÖZÜ,AKDENİZ,TUR031,TUR031001,"HATAY, ALTINÖZÜ"
HATAY,ANTAKYA,AKDENİZ,TUR031,TUR031002,"HATAY, ANTAKYA"
HATAY,ARSUZ,AKDENİZ,TUR031,TUR031003,"HATAY, ARSUZ"
HATAY,BELEN,AKDENİZ,TUR031,TUR031004,"HATAY, BELEN"
HATAY,DEFNE,AKDENİZ,TUR031,TUR031005,"HATAY, DEFNE"
HATAY,DÖRTYOL,AKDENİZ,TUR031,TUR031006,"HATAY, DÖRTYOL"
HATAY,ERZİN,AKDENİZ,TUR031,TUR031007,"HATAY, ERZİN"
HATAY,HASSA,AKDENİZ,TUR031,TUR031008,"HATAY, HASSA"
HATAY,İSKENDERUN,AKDENİZ,TUR031,TUR031009,"HATAY, İSKENDERUN"
HATAY,KIRIKHAN,AKDENİZ,TUR031,TUR031010,"HATAY, KIRIKHAN"
HATAY,KUMLU,AKDENİZ,TUR031,TUR031011,"HATAY, KUMLU"
HATAY,PAYAS,AKDENİZ,TUR031,TUR031012,"HATAY, PAYAS"
HATAY,REYHANLI,AKDENİZ,TUR031,TUR031013,"HATAY, REYHANLI"
HATAY,SAMANDAĞ,AKDENİZ,TUR031,TUR031014,"HATAY, SAMANDAĞ"
HATAY,YAYLADAĞI,AKDENİZ,TUR031,TUR031015,"HATAY, YAYLADAĞI"
IĞDIR,ARALIK,DOĞU ANADOLU,TUR076,TUR076001,"IĞDIR, ARALIK"
IĞDIR,KARAKOYUNLU,DOĞU ANADOLU,TUR076,TUR076003,"IĞDIR, KARAKOYUNLU"
IĞDIR,IĞDIR,DOĞU ANADOLU,TUR076,TUR076002,"IĞDIR, IĞDIR"
IĞDIR,TUZLUCA,DOĞU ANADOLU,TUR076,TUR076004,"IĞDIR, TUZLUCA"
ISPARTA,AKSU,AKDENİZ,TUR032,TUR032001,"ISPARTA, AKSU"
ISPARTA,ATABEY,AKDENİZ,TUR032,TUR032002,"ISPARTA, ATABEY"
ISPARTA,EĞİRDİR,AKDENİZ,TUR032,TUR032003,"ISPARTA, EĞİRDİR"
ISPARTA,GELENDOST,AKDENİZ,TUR032,TUR032004,"ISPARTA, GELENDOST"
ISPARTA,GÖNEN,AKDENİZ,TUR032,TUR032005,"ISPARTA, GÖNEN"
ISPARTA,KEÇİBORLU,AKDENİZ,TUR032,TUR032007,"ISPARTA, KEÇİBORLU"
ISPARTA,ISPARTA,AKDENİZ,TUR032,TUR032006,"ISPARTA, ISPARTA"
ISPARTA,ŞARKİKARAAĞAÇ,AKDENİZ,TUR032,TUR032010,"ISPARTA, ŞARKİKARAAĞAÇ"
ISPARTA,SENİRKENT,AKDENİZ,TUR032,TUR032008,"ISPARTA, SENİRKENT"
ISPARTA,SÜTÇÜLER,AKDENİZ,TUR032,TUR032009,"ISPARTA, SÜTÇÜLER"
ISPARTA,ULUBORLU,AKDENİZ,TUR032,TUR032011,"ISPARTA, ULUBORLU"
ISPARTA,YALVAÇ,AKDENİZ,TUR032,TUR032012,"ISPARTA, YALVAÇ"
ISPARTA,YENİŞARBADEMLİ,AKDENİZ,TUR032,TUR032013,"ISPARTA, YENİŞARBADEMLİ"
İSTANBUL,ADALAR,MARMARA,TUR034,TUR034001,"İSTANBUL, ADALAR"
İSTANBUL,ARNAVUTKÖY,MARMARA,TUR034,TUR034002,"İSTANBUL, ARNAVUTKÖY"
İSTANBUL,ATAŞEHİR,MARMARA,TUR034,TUR034003,"İSTANBUL, ATAŞEHİR"
İSTANBUL,AVCILAR,MARMARA,TUR034,TUR034004,"İSTANBUL, AVCILAR"
İSTANBUL,BAĞCILAR,MARMARA,TUR034,TUR034005,"İSTANBUL, BAĞCILAR"
İSTANBUL,BAHÇELİEVLER,MARMARA,TUR034,TUR034006,"İSTANBUL, BAHÇELİEVLER"
İSTANBUL,BAKIRKÖY,MARMARA,TUR034,TUR034007,"İSTANBUL, BAKIRKÖY"
İSTANBUL,BAŞAKŞEHİR,MARMARA,TUR034,TUR034008,"İSTANBUL, BAŞAKŞEHİR"
İSTANBUL,BAYRAMPAŞA,MARMARA,TUR034,TUR034009,"İSTANBUL, BAYRAMPAŞA"
İSTANBUL,BEŞİKTAŞ,MARMARA,TUR034,TUR034010,"İSTANBUL, BEŞİKTAŞ"
İSTANBUL,BEYKOZ,MARMARA,TUR034,TUR034011,"İSTANBUL, BEYKOZ"
İSTANBUL,BEYLİKDÜZÜ,MARMARA,TUR034,TUR034012,"İSTANBUL, BEYLİKDÜZÜ"
İSTANBUL,BEYOĞLU,MARMARA,TUR034,TUR034013,"İSTANBUL, BEYOĞLU"
İSTANBUL,BÜYÜKÇEKMECE,MARMARA,TUR034,TUR034014,"İSTANBUL, BÜYÜKÇEKMECE"
İSTANBUL,ÇATALCA,MARMARA,TUR034,TUR034015,"İSTANBUL, ÇATALCA"
İSTANBUL,ÇEKMEKÖY,MARMARA,TUR034,TUR034016,"İSTANBUL, ÇEKMEKÖY"
İSTANBUL,ESENLER,MARMARA,TUR034,TUR034017,"İSTANBUL, ESENLER"
İSTANBUL,ESENYURT,MARMARA,TUR034,TUR034018,"İSTANBUL, ESENYURT"
İSTANBUL,EYÜPSULTAN,MARMARA,TUR034,TUR034019,"İSTANBUL, EYÜPSULTAN"
İSTANBUL,FATİH,MARMARA,TUR034,TUR034020,"İSTANBUL, FATİH"
İSTANBUL,GAZİOSMANPAŞA,MARMARA,TUR034,TUR034021,"İSTANBUL, GAZİOSMANPAŞA"
İSTANBUL,GÜNGÖREN,MARMARA,TUR034,TUR034022,"İSTANBUL, GÜNGÖREN"
İSTANBUL,KADIKÖY,MARMARA,TUR034,TUR034023,"İSTANBUL, KADIKÖY"
İSTANBUL,KAĞITHANE,MARMARA,TUR034,TUR034024,"İSTANBUL, KAĞITHANE"
İSTANBUL,KARTAL,MARMARA,TUR034,TUR034025,"İSTANBUL, KARTAL"
İSTANBUL,KÜÇÜKÇEKMECE,MARMARA,TUR034,TUR034026,"İSTANBUL, KÜÇÜKÇEKMECE"
İSTANBUL,MALTEPE,MARMARA,TUR034,TUR034027,"İSTANBUL, MALTEPE"
İSTANBUL,PENDİK,MARMARA,TUR034,TUR034028,"İSTANBUL, PENDİK"
İSTANBUL,SANCAKTEPE,MARMARA,TUR034,TUR034029,"İSTANBUL, SANCAKTEPE"
İSTANBUL,SARIYER,MARMARA,TUR034,TUR034030,"İSTANBUL, SARIYER"
İSTANBUL,ŞİLE,MARMARA,TUR034,TUR034034,"İSTANBUL, ŞİLE"
İSTANBUL,SİLİVRİ,MARMARA,TUR034,TUR034031,"İSTANBUL, SİLİVRİ"
İSTANBUL,ŞİŞLİ,MARMARA,TUR034,TUR034035,"İSTANBUL, ŞİŞLİ"
İSTANBUL,SULTANBEYLİ,MARMARA,TUR034,TUR034032,"İSTANBUL, SULTANBEYLİ"
İSTANBUL,SULTANGAZİ,MARMARA,TUR034,TUR034033,"İSTANBUL, SULTANGAZİ"
İSTANBUL,TUZLA,MARMARA,TUR034,TUR034036,"İSTANBUL, TUZLA"
İSTANBUL,ÜMRANİYE,MARMARA,TUR034,TUR034037,"İSTANBUL, ÜMRANİYE"
İSTANBUL,ÜSKÜDAR,MARMARA,TUR034,TUR034038,"İSTANBUL, ÜSKÜDAR"
İSTANBUL,ZEYTİNBURNU,MARMARA,TUR034,TUR034039,"İSTANBUL, ZEYTİNBURNU"
İZMİR,ALİAĞA,EGE,TUR035,TUR035001,"İZMİR, ALİAĞA"
İZMİR,BALÇOVA,EGE,TUR035,TUR035002,"İZMİR, BALÇOVA"
İZMİR,BAYINDIR,EGE,TUR035,TUR035003,"İZMİR, BAYINDIR"
İZMİR,BAYRAKLI,EGE,TUR035,TUR035004,"İZMİR, BAYRAKLI"
İZMİR,BERGAMA,EGE,TUR035,TUR035005,"İZMİR, BERGAMA"
İZMİR,BEYDAĞ,EGE,TUR035,TUR035006,"İZMİR, BEYDAĞ"
İZMİR,BORNOVA,EGE,TUR035,TUR035007,"İZMİR, BORNOVA"
İZMİR,BUCA,EGE,TUR035,TUR035008,"İZMİR, BUCA"
İZMİR,ÇEŞME,EGE,TUR035,TUR035009,"İZMİR, ÇEŞME"
İZMİR,ÇİĞLİ,EGE,TUR035,TUR035010,"İZMİR, ÇİĞLİ"
İZMİR,DİKİLİ,EGE,TUR035,TUR035011,"İZMİR, DİKİLİ"
İZMİR,FOÇA,EGE,TUR035,TUR035012,"İZMİR, FOÇA"
İZMİR,GAZİEMİR,EGE,TUR035,TUR035013,"İZMİR, GAZİEMİR"
İZMİR,GÜZELBAHÇE,EGE,TUR035,TUR035014,"İZMİR, GÜZELBAHÇE"
İZMİR,KARABAĞLAR,EGE,TUR035,TUR035015,"İZMİR, KARABAĞLAR"
İZMİR,KARABURUN,EGE,TUR035,TUR035016,"İZMİR, KARABURUN"
İZMİR,KARŞIYAKA,EGE,TUR035,TUR035017,"İZMİR, KARŞIYAKA"
İZMİR,KEMALPAŞA,EGE,TUR035,TUR035018,"İZMİR, KEMALPAŞA"
İZMİR,KINIK,EGE,TUR035,TUR035019,"İZMİR, KINIK"
İZMİR,KİRAZ,EGE,TUR035,TUR035020,"İZMİR, KİRAZ"
İZMİR,KONAK,EGE,TUR035,TUR035021,"İZMİR, KONAK"
İZMİR,MENDERES,EGE,TUR035,TUR035022,"İZMİR, MENDERES"
İZMİR,MENEMEN,EGE,TUR035,TUR035023,"İZMİR, MENEMEN"
İZMİR,NARLIDERE,EGE,TUR035,TUR035024,"İZMİR, NARLIDERE"
İZMİR,ÖDEMİŞ,EGE,TUR035,TUR035025,"İZMİR, ÖDEMİŞ"
İZMİR,SEFERİHİSAR,EGE,TUR035,TUR035026,"İZMİR, SEFERİHİSAR"
İZMİR,SELÇUK,EGE,TUR035,TUR035027,"İZMİR, SELÇUK"
İZMİR,TİRE,EGE,TUR035,TUR035028,"İZMİR, TİRE"
İZMİR,TORBALI,EGE,TUR035,TUR035029,"İZMİR, TORBALI"
İZMİR,URLA,EGE,TUR035,TUR035030,"İZMİR, URLA"
KAHRAMANMARAŞ,AFŞİN,AKDENİZ,TUR046,TUR046001,"KAHRAMANMARAŞ, AFŞİN"
KAHRAMANMARAŞ,ANDIRIN,AKDENİZ,TUR046,TUR046002,"KAHRAMANMARAŞ, ANDIRIN"
KAHRAMANMARAŞ,ÇAĞLAYANCERİT,AKDENİZ,TUR046,TUR046003,"KAHRAMANMARAŞ, ÇAĞLAYANCERİT"
KAHRAMANMARAŞ,DULKADİROĞLU,AKDENİZ,TUR046,TUR046004,"KAHRAMANMARAŞ, DULKADİROĞLU"
KAHRAMANMARAŞ,EKİNÖZÜ,AKDENİZ,TUR046,TUR046005,"KAHRAMANMARAŞ, EKİNÖZÜ"
KAHRAMANMARAŞ,ELBİSTAN,AKDENİZ,TUR046,TUR046006,"KAHRAMANMARAŞ, ELBİSTAN"
KAHRAMANMARAŞ,GÖKSUN,AKDENİZ,TUR046,TUR046007,"KAHRAMANMARAŞ, GÖKSUN"
KAHRAMANMARAŞ,NURHAK,AKDENİZ,TUR046,TUR046008,"KAHRAMANMARAŞ, NURHAK"
KAHRAMANMARAŞ,ONİKİŞUBAT,AKDENİZ,TUR046,TUR046009,"KAHRAMANMARAŞ, ONİKİŞUBAT"
KAHRAMANMARAŞ,PAZARCIK,AKDENİZ,TUR046,TUR046010,"KAHRAMANMARAŞ, PAZARCIK"
KAHRAMANMARAŞ,TÜRKOĞLU,AKDENİZ,TUR046,TUR046011,"KAHRAMANMARAŞ, TÜRKOĞLU"
KARABÜK,EFLANİ,KARADENİZ,TUR078,TUR078001,"KARABÜK, EFLANİ"
KARABÜK,ESKİPAZAR,KARADENİZ,TUR078,TUR078002,"KARABÜK, ESKİPAZAR"
KARABÜK,KARABÜK,KARADENİZ,TUR078,TUR078003,"KARABÜK, KARABÜK"
KARABÜK,OVACIK,KARADENİZ,TUR078,TUR078004,"KARABÜK, OVACIK"
KARABÜK,SAFRANBOLU,KARADENİZ,TUR078,TUR078005,"KARABÜK, SAFRANBOLU"
KARABÜK,YENİCE,KARADENİZ,TUR078,TUR078006,"KARABÜK, YENİCE"
KARAMAN,AYRANCI,İÇ ANADOLU,TUR070,TUR070001,"KARAMAN, AYRANCI"
KARAMAN,BAŞYAYLA,İÇ ANADOLU,TUR070,TUR070002,"KARAMAN, BAŞYAYLA"
KARAMAN,ERMENEK,İÇ ANADOLU,TUR070,TUR070003,"KARAMAN, ERMENEK"
KARAMAN,KAZIMKARABEKİR,İÇ ANADOLU,TUR070,TUR070005,"KARAMAN, KAZIMKARABEKİR"
KARAMAN,KARAMAN,İÇ ANADOLU,TUR070,TUR070004,"KARAMAN, KARAMAN"
KARAMAN,SARIVELİLER,İÇ ANADOLU,TUR070,TUR070006,"KARAMAN, SARIVELİLER"
KARS,AKYAKA,DOĞU ANADOLU,TUR036,TUR036001,"KARS, AKYAKA"
KARS,ARPAÇAY,DOĞU ANADOLU,TUR036,TUR036002,"KARS, ARPAÇAY"
KARS,DİGOR,DOĞU ANADOLU,TUR036,TUR036003,"KARS, DİGOR"
KARS,KAĞIZMAN,DOĞU ANADOLU,TUR036,TUR036004,"KARS, KAĞIZMAN"
KARS,KARS,DOĞU ANADOLU,TUR036,TUR036005,"KARS, KARS"
KARS,SARIKAMIŞ,DOĞU ANADOLU,TUR036,TUR036006,"KARS, SARIKAMIŞ"
KARS,SELİM,DOĞU ANADOLU,TUR036,TUR036007,"KARS, SELİM"
KARS,SUSUZ,DOĞU ANADOLU,TUR036,TUR036008,"KARS, SUSUZ"
KASTAMONU,ABANA,KARADENİZ,TUR037,TUR037001,"KASTAMONU, ABANA"
KASTAMONU,AĞLI,KARADENİZ,TUR037,TUR037002,"KASTAMONU, AĞLI"
KASTAMONU,ARAÇ,KARADENİZ,TUR037,TUR037003,"KASTAMONU, ARAÇ"
KASTAMONU,AZDAVAY,KARADENİZ,TUR037,TUR037004,"KASTAMONU, AZDAVAY"
KASTAMONU,BOZKURT,KARADENİZ,TUR037,TUR037005,"KASTAMONU, BOZKURT"
KASTAMONU,ÇATALZEYTİN,KARADENİZ,TUR037,TUR037007,"KASTAMONU, ÇATALZEYTİN"
KASTAMONU,CİDE,KARADENİZ,TUR037,TUR037006,"KASTAMONU, CİDE"
KASTAMONU,DADAY,KARADENİZ,TUR037,TUR037008,"KASTAMONU, DADAY"
KASTAMONU,DEVREKANİ,KARADENİZ,TUR037,TUR037009,"KASTAMONU, DEVREKANİ"
KASTAMONU,DOĞANYURT,KARADENİZ,TUR037,TUR037010,"KASTAMONU, DOĞANYURT"
KASTAMONU,HANÖNÜ,KARADENİZ,TUR037,TUR037011,"KASTAMONU, HANÖNÜ"
KASTAMONU,İHSANGAZİ,KARADENİZ,TUR037,TUR037012,"KASTAMONU, İHSANGAZİ"
KASTAMONU,İNEBOLU,KARADENİZ,TUR037,TUR037013,"KASTAMONU, İNEBOLU"
KASTAMONU,KÜRE,KARADENİZ,TUR037,TUR037015,"KASTAMONU, KÜRE"
KASTAMONU,KASTAMONU,KARADENİZ,TUR037,TUR037014,"KASTAMONU, KASTAMONU"
KASTAMONU,PINARBAŞI,KARADENİZ,TUR037,TUR037016,"KASTAMONU, PINARBAŞI"
KASTAMONU,ŞENPAZAR,KARADENİZ,TUR037,TUR037018,"KASTAMONU, ŞENPAZAR"
KASTAMONU,SEYDİLER,KARADENİZ,TUR037,TUR037017,"KASTAMONU, SEYDİLER"
KASTAMONU,TAŞKÖPRÜ,KARADENİZ,TUR037,TUR037019,"KASTAMONU, TAŞKÖPRÜ"
KASTAMONU,TOSYA,KARADENİZ,TUR037,TUR037020,"KASTAMONU, TOSYA"
KAYSERİ,AKKIŞLA,İÇ ANADOLU,TUR038,TUR038001,"KAYSERİ, AKKIŞLA"
KAYSERİ,BÜNYAN,İÇ ANADOLU,TUR038,TUR038002,"KAYSERİ, BÜNYAN"
KAYSERİ,DEVELİ,İÇ ANADOLU,TUR038,TUR038003,"KAYSERİ, DEVELİ"
KAYSERİ,FELAHİYE,İÇ ANADOLU,TUR038,TUR038004,"KAYSERİ, FELAHİYE"
KAYSERİ,HACILAR,İÇ ANADOLU,TUR038,TUR038005,"KAYSERİ, HACILAR"
KAYSERİ,İNCESU,İÇ ANADOLU,TUR038,TUR038006,"KAYSERİ, İNCESU"
KAYSERİ,KOCASİNAN,İÇ ANADOLU,TUR038,TUR038007,"KAYSERİ, KOCASİNAN"
KAYSERİ,MELİKGAZİ,İÇ ANADOLU,TUR038,TUR038008,"KAYSERİ, MELİKGAZİ"
KAYSERİ,ÖZVATAN,İÇ ANADOLU,TUR038,TUR038009,"KAYSERİ, ÖZVATAN"
KAYSERİ,PINARBAŞI,İÇ ANADOLU,TUR038,TUR038010,"KAYSERİ, PINARBAŞI"
KAYSERİ,SARIOĞLAN,İÇ ANADOLU,TUR038,TUR038011,"KAYSERİ, SARIOĞLAN"
KAYSERİ,SARIZ,İÇ ANADOLU,TUR038,TUR038012,"KAYSERİ, SARIZ"
KAYSERİ,TALAS,İÇ ANADOLU,TUR038,TUR038013,"KAYSERİ, TALAS"
KAYSERİ,TOMARZA,İÇ ANADOLU,TUR038,TUR038014,"KAYSERİ, TOMARZA"
KAYSERİ,YAHYALI,İÇ ANADOLU,TUR038,TUR038015,"KAYSERİ, YAHYALI"
KAYSERİ,YEŞİLHİSAR,İÇ ANADOLU,TUR038,TUR038016,"KAYSERİ, YEŞİLHİSAR"
KİLİS,ELBEYLİ,GÜNEYDOĞU ANADOLU,TUR079,TUR079001,"KİLİS, ELBEYLİ"
KİLİS,KİLİS,GÜNEYDOĞU ANADOLU,TUR079,TUR079002,"KİLİS, KİLİS"
KİLİS,MUSABEYLİ,GÜNEYDOĞU ANADOLU,TUR079,TUR079003,"KİLİS, MUSABEYLİ"
KİLİS,POLATELİ,GÜNEYDOĞU ANADOLU,TUR079,TUR079004,"KİLİS, POLATELİ"
KIRIKKALE,BAHŞILI,İÇ ANADOLU,TUR071,TUR071001,"KIRIKKALE, BAHŞILI"
KIRIKKALE,BALIŞEYH,İÇ ANADOLU,TUR071,TUR071002,"KIRIKKALE, BALIŞEYH"
KIRIKKALE,ÇELEBİ,İÇ ANADOLU,TUR071,TUR071003,"KIRIKKALE, ÇELEBİ"
KIRIKKALE,DELİCE,İÇ ANADOLU,TUR071,TUR071004,"KIRIKKALE, DELİCE"
KIRIKKALE,KARAKEÇİLİ,İÇ ANADOLU,TUR071,TUR071005,"KIRIKKALE, KARAKEÇİLİ"
KIRIKKALE,KESKİN,İÇ ANADOLU,TUR071,TUR071006,"KIRIKKALE, KESKİN"
KIRIKKALE,KIRIKKALE,İÇ ANADOLU,TUR071,TUR071007,"KIRIKKALE, KIRIKKALE"
KIRIKKALE,SULAKYURT,İÇ ANADOLU,TUR071,TUR071008,"KIRIKKALE, SULAKYURT"
KIRIKKALE,YAHŞİHAN,İÇ ANADOLU,TUR071,TUR071009,"KIRIKKALE, YAHŞİHAN"
KIRKLARELİ,BABAESKİ,MARMARA,TUR039,TUR039001,"KIRKLARELİ, BABAESKİ"
KIRKLARELİ,DEMİRKÖY,MARMARA,TUR039,TUR039002,"KIRKLARELİ, DEMİRKÖY"
KIRKLARELİ,KOFÇAZ,MARMARA,TUR039,TUR039004,"KIRKLARELİ, KOFÇAZ"
KIRKLARELİ,LÜLEBURGAZ,MARMARA,TUR039,TUR039005,"KIRKLARELİ, LÜLEBURGAZ"
KIRKLARELİ,KIRKLARELİ,MARMARA,TUR039,TUR039003,"KIRKLARELİ, KIRKLARELİ"
KIRKLARELİ,PEHLİVANKÖY,MARMARA,TUR039,TUR039006,"KIRKLARELİ, PEHLİVANKÖY"
KIRKLARELİ,PINARHİSAR,MARMARA,TUR039,TUR039007,"KIRKLARELİ, PINARHİSAR"
KIRKLARELİ,VİZE,MARMARA,TUR039,TUR039008,"KIRKLARELİ, VİZE"
KIRŞEHİR,AKÇAKENT,İÇ ANADOLU,TUR040,TUR040001,"KIRŞEHİR, AKÇAKENT"
KIRŞEHİR,AKPINAR,İÇ ANADOLU,TUR040,TUR040002,"KIRŞEHİR, AKPINAR"
KIRŞEHİR,BOZTEPE,İÇ ANADOLU,TUR040,TUR040003,"KIRŞEHİR, BOZTEPE"
KIRŞEHİR,ÇİÇEKDAĞI,İÇ ANADOLU,TUR040,TUR040004,"KIRŞEHİR, ÇİÇEKDAĞI"
KIRŞEHİR,KAMAN,İÇ ANADOLU,TUR040,TUR040005,"KIRŞEHİR, KAMAN"
KIRŞEHİR,KIRŞEHİR,İÇ ANADOLU,TUR040,TUR040006,"KIRŞEHİR, KIRŞEHİR"
KIRŞEHİR,MUCUR,İÇ ANADOLU,TUR040,TUR040007,"KIRŞEHİR, MUCUR"
KOCAELİ,BAŞİSKELE,MARMARA,TUR041,TUR041001,"KOCAELİ, BAŞİSKELE"
KOCAELİ,ÇAYIROVA,MARMARA,TUR041,TUR041002,"KOCAELİ, ÇAYIROVA"
KOCAELİ,DARICA,MARMARA,TUR041,TUR041003,"KOCAELİ, DARICA"
KOCAELİ,DERİNCE,MARMARA,TUR041,TUR041004,"KOCAELİ, DERİNCE"
KOCAELİ,DİLOVASI,MARMARA,TUR041,TUR041005,"KOCAELİ, DİLOVASI"
KOCAELİ,GEBZE,MARMARA,TUR041,TUR041006,"KOCAELİ, GEBZE"
KOCAELİ,GÖLCÜK,MARMARA,TUR041,TUR041007,"KOCAELİ, GÖLCÜK"
KOCAELİ,İZMİT,MARMARA,TUR041,TUR041008,"KOCAELİ, İZMİT"
KOCAELİ,KANDIRA,MARMARA,TUR041,TUR041009,"KOCAELİ, KANDIRA"
KOCAELİ,KARAMÜRSEL,MARMARA,TUR041,TUR041010,"KOCAELİ, KARAMÜRSEL"
KOCAELİ,KARTEPE,MARMARA,TUR041,TUR041011,"KOCAELİ, KARTEPE"
KOCAELİ,KÖRFEZ,MARMARA,TUR041,TUR041012,"KOCAELİ, KÖRFEZ"
KONYA,AHIRLI,İÇ ANADOLU,TUR042,TUR042001,"KONYA, AHIRLI"
KONYA,AKÖREN,İÇ ANADOLU,TUR042,TUR042002,"KONYA, AKÖREN"
KONYA,AKŞEHİR,İÇ ANADOLU,TUR042,TUR042003,"KONYA, AKŞEHİR"
KONYA,ALTINEKİN,İÇ ANADOLU,TUR042,TUR042004,"KONYA, ALTINEKİN"
KONYA,BEYŞEHİR,İÇ ANADOLU,TUR042,TUR042005,"KONYA, BEYŞEHİR"
KONYA,BOZKIR,İÇ ANADOLU,TUR042,TUR042006,"KONYA, BOZKIR"
KONYA,ÇELTİK,İÇ ANADOLU,TUR042,TUR042008,"KONYA, ÇELTİK"
KONYA,CİHANBEYLİ,İÇ ANADOLU,TUR042,TUR042007,"KONYA, CİHANBEYLİ"
KONYA,ÇUMRA,İÇ ANADOLU,TUR042,TUR042009,"KONYA, ÇUMRA"
KONYA,DERBENT,İÇ ANADOLU,TUR042,TUR042010,"KONYA, DERBENT"
KONYA,DEREBUCAK,İÇ ANADOLU,TUR042,TUR042011,"KONYA, DEREBUCAK"
KONYA,DOĞANHİSAR,İÇ ANADOLU,TUR042,TUR042012,"KONYA, DOĞANHİSAR"
KONYA,EMİRGAZİ,İÇ ANADOLU,TUR042,TUR042013,"KONYA, EMİRGAZİ"
KONYA,EREĞLİ,İÇ ANADOLU,TUR042,TUR042014,"KONYA, EREĞLİ"
KONYA,GÜNEYSINIR,İÇ ANADOLU,TUR042,TUR042015,"KONYA, GÜNEYSINIR"
KONYA,HADİM,İÇ ANADOLU,TUR042,TUR042016,"KONYA, HADİM"
KONYA,HALKAPINAR,İÇ ANADOLU,TUR042,TUR042017,"KONYA, HALKAPINAR"
KONYA,HÜYÜK,İÇ ANADOLU,TUR042,TUR042018,"KONYA, HÜYÜK"
KONYA,ILGIN,İÇ ANADOLU,TUR042,TUR042019,"KONYA, ILGIN"
KONYA,KADINHANI,İÇ ANADOLU,TUR042,TUR042020,"KONYA, KADINHANI"
KONYA,KARAPINAR,İÇ ANADOLU,TUR042,TUR042021,"KONYA, KARAPINAR"
KONYA,KARATAY,İÇ ANADOLU,TUR042,TUR042022,"KONYA, KARATAY"
KONYA,KULU,İÇ ANADOLU,TUR042,TUR042023,"KONYA, KULU"
KONYA,MERAM,İÇ ANADOLU,TUR042,TUR042024,"KONYA, MERAM"
KONYA,SARAYÖNÜ,İÇ ANADOLU,TUR042,TUR042025,"KONYA, SARAYÖNÜ"
KONYA,SELÇUKLU,İÇ ANADOLU,TUR042,TUR042026,"KONYA, SELÇUKLU"
KONYA,SEYDİŞEHİR,İÇ ANADOLU,TUR042,TUR042027,"KONYA, SEYDİŞEHİR"
KONYA,TAŞKENT,İÇ ANADOLU,TUR042,TUR042028,"KONYA, TAŞKENT"
KONYA,TUZLUKÇU,İÇ ANADOLU,TUR042,TUR042029,"KONYA, TUZLUKÇU"
KONYA,YALIHÜYÜK,İÇ ANADOLU,TUR042,TUR042030,"KONYA, YALIHÜYÜK"
KONYA,YUNAK,İÇ ANADOLU,TUR042,TUR042031,"KONYA, YUNAK"
KÜTAHYA,ALTINTAŞ,EGE,TUR043,TUR043001,"KÜTAHYA, ALTINTAŞ"
KÜTAHYA,ASLANAPA,EGE,TUR043,TUR043002,"KÜTAHYA, ASLANAPA"
KÜTAHYA,ÇAVDARHİSAR,EGE,TUR043,TUR043003,"KÜTAHYA, ÇAVDARHİSAR"
KÜTAHYA,DOMANİÇ,EGE,TUR043,TUR043004,"KÜTAHYA, DOMANİÇ"
KÜTAHYA,DUMLUPINAR,EGE,TUR043,TUR043005,"KÜTAHYA, DUMLUPINAR"
KÜTAHYA,EMET,EGE,TUR043,TUR043006,"KÜTAHYA, EMET"
KÜTAHYA,GEDİZ,EGE,TUR043,TUR043007,"KÜTAHYA, GEDİZ"
KÜTAHYA,HİSARCIK,EGE,TUR043,TUR043008,"KÜTAHYA, HİSARCIK"
KÜTAHYA,KÜTAHYA,EGE,TUR043,TUR043009,"KÜTAHYA, KÜTAHYA"
KÜTAHYA,PAZARLAR,EGE,TUR043,TUR043010,"KÜTAHYA, PAZARLAR"
KÜTAHYA,ŞAPHANE,EGE,TUR043,TUR043012,"KÜTAHYA, ŞAPHANE"
KÜTAHYA,SİMAV,EGE,TUR043,TUR043011,"KÜTAHYA, SİMAV"
KÜTAHYA,TAVŞANLI,EGE,TUR043,TUR043013,"KÜTAHYA, TAVŞANLI"
MALATYA,AKÇADAĞ,DOĞU ANADOLU,TUR044,TUR044001,"MALATYA, AKÇADAĞ"
MALATYA,ARAPGİR,DOĞU ANADOLU,TUR044,TUR044002,"MALATYA, ARAPGİR"
MALATYA,ARGUVAN,DOĞU ANADOLU,TUR044,TUR044003,"MALATYA, ARGUVAN"
MALATYA,BATTALGAZİ,DOĞU ANADOLU,TUR044,TUR044004,"MALATYA, BATTALGAZİ"
MALATYA,DARENDE,DOĞU ANADOLU,TUR044,TUR044005,"MALATYA, DARENDE"
MALATYA,DOĞANŞEHİR,DOĞU ANADOLU,TUR044,TUR044006,"MALATYA, DOĞANŞEHİR"
MALATYA,DOĞANYOL,DOĞU ANADOLU,TUR044,TUR044007,"MALATYA, DOĞANYOL"
MALATYA,HEKİMHAN,DOĞU ANADOLU,TUR044,TUR044008,"MALATYA, HEKİMHAN"
MALATYA,KALE,DOĞU ANADOLU,TUR044,TUR044009,"MALATYA, KALE"
MALATYA,KULUNCAK,DOĞU ANADOLU,TUR044,TUR044010,"MALATYA, KULUNCAK"
MALATYA,PÜTÜRGE,DOĞU ANADOLU,TUR044,TUR044011,"MALATYA, PÜTÜRGE"
MALATYA,YAZIHAN,DOĞU ANADOLU,TUR044,TUR044012,"MALATYA, YAZIHAN"
MALATYA,YEŞİLYURT,DOĞU ANADOLU,TUR044,TUR044013,"MALATYA, YEŞİLYURT"
MANİSA,AHMETLİ,EGE,TUR045,TUR045001,"MANİSA, AHMETLİ"
MANİSA,AKHİSAR,EGE,TUR045,TUR045002,"MANİSA, AKHİSAR"
MANİSA,ALAŞEHİR,EGE,TUR045,TUR045003,"MANİSA, ALAŞEHİR"
MANİSA,DEMİRCİ,EGE,TUR045,TUR045004,"MANİSA, DEMİRCİ"
MANİSA,GÖLMARMARA,EGE,TUR045,TUR045005,"MANİSA, GÖLMARMARA"
MANİSA,GÖRDES,EGE,TUR045,TUR045006,"MANİSA, GÖRDES"
MANİSA,KIRKAĞAÇ,EGE,TUR045,TUR045007,"MANİSA, KIRKAĞAÇ"
MANİSA,KÖPRÜBAŞI,EGE,TUR045,TUR045008,"MANİSA, KÖPRÜBAŞI"
MANİSA,KULA,EGE,TUR045,TUR045009,"MANİSA, KULA"
MANİSA,SALİHLİ,EGE,TUR045,TUR045010,"MANİSA, SALİHLİ"
MANİSA,SARIGÖL,EGE,TUR045,TUR045011,"MANİSA, SARIGÖL"
MANİSA,SARUHANLI,EGE,TUR045,TUR045012,"MANİSA, SARUHANLI"
MANİSA,ŞEHZADELER,EGE,TUR045,TUR045015,"MANİSA, ŞEHZADELER"
MANİSA,SELENDİ,EGE,TUR045,TUR045013,"MANİSA, SELENDİ"
MANİSA,SOMA,EGE,TUR045,TUR045014,"MANİSA, SOMA"
MANİSA,TURGUTLU,EGE,TUR045,TUR045016,"MANİSA, TURGUTLU"
MANİSA,YUNUSEMRE,EGE,TUR045,TUR045017,"MANİSA, YUNUSEMRE"
MARDİN,ARTUKLU,GÜNEYDOĞU ANADOLU,TUR047,TUR047001,"MARDİN, ARTUKLU"
MARDİN,DARGEÇİT,GÜNEYDOĞU ANADOLU,TUR047,TUR047002,"MARDİN, DARGEÇİT"
MARDİN,DERİK,GÜNEYDOĞU ANADOLU,TUR047,TUR047003,"MARDİN, DERİK"
MARDİN,KIZILTEPE,GÜNEYDOĞU ANADOLU,TUR047,TUR047004,"MARDİN, KIZILTEPE"
MARDİN,MAZIDAĞI,GÜNEYDOĞU ANADOLU,TUR047,TUR047005,"MARDİN, MAZIDAĞI"
MARDİN,MİDYAT,GÜNEYDOĞU ANADOLU,TUR047,TUR047006,"MARDİN, MİDYAT"
MARDİN,NUSAYBİN,GÜNEYDOĞU ANADOLU,TUR047,TUR047007,"MARDİN, NUSAYBİN"
MARDİN,ÖMERLİ,GÜNEYDOĞU ANADOLU,TUR047,TUR047008,"MARDİN, ÖMERLİ"
MARDİN,SAVUR,GÜNEYDOĞU ANADOLU,TUR047,TUR047009,"MARDİN, SAVUR"
MARDİN,YEŞİLLİ,GÜNEYDOĞU ANADOLU,TUR047,TUR047010,"MARDİN, YEŞİLLİ"
MERSİN,AKDENİZ,AKDENİZ,TUR033,TUR033001,"MERSİN, AKDENİZ"
MERSİN,ANAMUR,AKDENİZ,TUR033,TUR033002,"MERSİN, ANAMUR"
MERSİN,AYDINCIK,AKDENİZ,TUR033,TUR033003,"MERSİN, AYDINCIK"
MERSİN,BOZYAZI,AKDENİZ,TUR033,TUR033004,"MERSİN, BOZYAZI"
MERSİN,ÇAMLIYAYLA,AKDENİZ,TUR033,TUR033005,"MERSİN, ÇAMLIYAYLA"
MERSİN,ERDEMLİ,AKDENİZ,TUR033,TUR033006,"MERSİN, ERDEMLİ"
MERSİN,GÜLNAR,AKDENİZ,TUR033,TUR033007,"MERSİN, GÜLNAR"
MERSİN,MEZİTLİ,AKDENİZ,TUR033,TUR033008,"MERSİN, MEZİTLİ"
MERSİN,MUT,AKDENİZ,TUR033,TUR033009,"MERSİN, MUT"
MERSİN,SİLİFKE,AKDENİZ,TUR033,TUR033010,"MERSİN, SİLİFKE"
MERSİN,TARSUS,AKDENİZ,TUR033,TUR033011,"MERSİN, TARSUS"
MERSİN,TOROSLAR,AKDENİZ,TUR033,TUR033012,"MERSİN, TOROSLAR"
MERSİN,YENİŞEHİR,AKDENİZ,TUR033,TUR033013,"MERSİN, YENİŞEHİR"
MUĞLA,BODRUM,EGE,TUR048,TUR048001,"MUĞLA, BODRUM"
MUĞLA,DALAMAN,EGE,TUR048,TUR048002,"MUĞLA, DALAMAN"
MUĞLA,DATÇA,EGE,TUR048,TUR048003,"MUĞLA, DATÇA"
MUĞLA,FETHİYE,EGE,TUR048,TUR048004,"MUĞLA, FETHİYE"
MUĞLA,KAVAKLIDERE,EGE,TUR048,TUR048005,"MUĞLA, KAVAKLIDERE"
MUĞLA,KÖYCEĞİZ,EGE,TUR048,TUR048006,"MUĞLA, KÖYCEĞİZ"
MUĞLA,MARMARİS,EGE,TUR048,TUR048007,"MUĞLA, MARMARİS"
MUĞLA,MENTEŞE,EGE,TUR048,TUR048008,"MUĞLA, MENTEŞE"
MUĞLA,MİLAS,EGE,TUR048,TUR048009,"MUĞLA, MİLAS"
MUĞLA,ORTACA,EGE,TUR048,TUR048010,"MUĞLA, ORTACA"
MUĞLA,SEYDİKEMER,EGE,TUR048,TUR048011,"MUĞLA, SEYDİKEMER"
MUĞLA,ULA,EGE,TUR048,TUR048012,"MUĞLA, ULA"
MUĞLA,YATAĞAN,EGE,TUR048,TUR048013,"MUĞLA, YATAĞAN"
MUŞ,BULANIK,DOĞU ANADOLU,TUR049,TUR049001,"MUŞ, BULANIK"
MUŞ,HASKÖY,DOĞU ANADOLU,TUR049,TUR049002,"MUŞ, HASKÖY"
MUŞ,KORKUT,DOĞU ANADOLU,TUR049,TUR049003,"MUŞ, KORKUT"
MUŞ,MALAZGİRT,DOĞU ANADOLU,TUR049,TUR049004,"MUŞ, MALAZGİRT"
MUŞ,MUŞ,DOĞU ANADOLU,TUR049,TUR049005,"MUŞ, MUŞ"
MUŞ,VARTO,DOĞU ANADOLU,TUR049,TUR049006,"MUŞ, VARTO"
NEVŞEHİR,ACIGÖL,İÇ ANADOLU,TUR050,TUR050001,"NEVŞEHİR, ACIGÖL"
NEVŞEHİR,AVANOS,İÇ ANADOLU,TUR050,TUR050002,"NEVŞEHİR, AVANOS"
NEVŞEHİR,DERİNKUYU,İÇ ANADOLU,TUR050,TUR050003,"NEVŞEHİR, DERİNKUYU"
NEVŞEHİR,GÜLŞEHİR,İÇ ANADOLU,TUR050,TUR050004,"NEVŞEHİR, GÜLŞEHİR"
NEVŞEHİR,HACIBEKTAŞ,İÇ ANADOLU,TUR050,TUR050005,"NEVŞEHİR, HACIBEKTAŞ"
NEVŞEHİR,KOZAKLI,İÇ ANADOLU,TUR050,TUR050006,"NEVŞEHİR, KOZAKLI"
NEVŞEHİR,NEVŞEHİR,İÇ ANADOLU,TUR050,TUR050007,"NEVŞEHİR, NEVŞEHİR"
NEVŞEHİR,ÜRGÜP,İÇ ANADOLU,TUR050,TUR050008,"NEVŞEHİR, ÜRGÜP"
NİĞDE,ALTUNHİSAR,İÇ ANADOLU,TUR051,TUR051001,"NİĞDE, ALTUNHİSAR"
NİĞDE,BOR,İÇ ANADOLU,TUR051,TUR051002,"NİĞDE, BOR"
NİĞDE,ÇAMARDI,İÇ ANADOLU,TUR051,TUR051003,"NİĞDE, ÇAMARDI"
NİĞDE,ÇİFTLİK,İÇ ANADOLU,TUR051,TUR051004,"NİĞDE, ÇİFTLİK"
NİĞDE,NİĞDE,İÇ ANADOLU,TUR051,TUR051005,"NİĞDE, NİĞDE"
NİĞDE,ULUKIŞLA,İÇ ANADOLU,TUR051,TUR051006,"NİĞDE, ULUKIŞLA"
ORDU,AKKUŞ,KARADENİZ,TUR052,TUR052001,"ORDU, AKKUŞ"
ORDU,ALTINORDU,KARADENİZ,TUR052,TUR052002,"ORDU, ALTINORDU"
ORDU,AYBASTI,KARADENİZ,TUR052,TUR052003,"ORDU, AYBASTI"
ORDU,ÇAMAŞ,KARADENİZ,TUR052,TUR052004,"ORDU, ÇAMAŞ"
ORDU,ÇATALPINAR,KARADENİZ,TUR052,TUR052005,"ORDU, ÇATALPINAR"
ORDU,ÇAYBAŞI,KARADENİZ,TUR052,TUR052006,"ORDU, ÇAYBAŞI"
ORDU,FATSA,KARADENİZ,TUR052,TUR052007,"ORDU, FATSA"
ORDU,GÖLKÖY,KARADENİZ,TUR052,TUR052008,"ORDU, GÖLKÖY"
ORDU,GÜLYALI,KARADENİZ,TUR052,TUR052009,"ORDU, GÜLYALI"
ORDU,GÜRGENTEPE,KARADENİZ,TUR052,TUR052010,"ORDU, GÜRGENTEPE"
ORDU,İKİZCE,KARADENİZ,TUR052,TUR052011,"ORDU, İKİZCE"
ORDU,KABADÜZ,KARADENİZ,TUR052,TUR052012,"ORDU, KABADÜZ"
ORDU,KABATAŞ,KARADENİZ,TUR052,TUR052013,"ORDU, KABATAŞ"
ORDU,KORGAN,KARADENİZ,TUR052,TUR052014,"ORDU, KORGAN"
ORDU,KUMRU,KARADENİZ,TUR052,TUR052015,"ORDU, KUMRU"
ORDU,MESUDİYE,KARADENİZ,TUR052,TUR052016,"ORDU, MESUDİYE"
ORDU,PERŞEMBE,KARADENİZ,TUR052,TUR052017,"ORDU, PERŞEMBE"
ORDU,ULUBEY,KARADENİZ,TUR052,TUR052018,"ORDU, ULUBEY"
ORDU,ÜNYE,KARADENİZ,TUR052,TUR052019,"ORDU, ÜNYE"
OSMANİYE,BAHÇE,AKDENİZ,TUR080,TUR080001,"OSMANİYE, BAHÇE"
OSMANİYE,DÜZİÇİ,AKDENİZ,TUR080,TUR080002,"OSMANİYE, DÜZİÇİ"
OSMANİYE,HASANBEYLİ,AKDENİZ,TUR080,TUR080003,"OSMANİYE, HASANBEYLİ"
OSMANİYE,KADİRLİ,AKDENİZ,TUR080,TUR080004,"OSMANİYE, KADİRLİ"
OSMANİYE,OSMANİYE,AKDENİZ,TUR080,TUR080005,"OSMANİYE, OSMANİYE"
OSMANİYE,SUMBAS,AKDENİZ,TUR080,TUR080006,"OSMANİYE, SUMBAS"
OSMANİYE,TOPRAKKALE,AKDENİZ,TUR080,TUR080007,"OSMANİYE, TOPRAKKALE"
RİZE,ARDEŞEN,KARADENİZ,TUR053,TUR053001,"RİZE, ARDEŞEN"
RİZE,ÇAMLIHEMŞİN,KARADENİZ,TUR053,TUR053002,"RİZE, ÇAMLIHEMŞİN"
RİZE,ÇAYELİ,KARADENİZ,TUR053,TUR053003,"RİZE, ÇAYELİ"
RİZE,DEREPAZARI,KARADENİZ,TUR053,TUR053004,"RİZE, DEREPAZARI"
RİZE,FINDIKLI,KARADENİZ,TUR053,TUR053005,"RİZE, FINDIKLI"
RİZE,GÜNEYSU,KARADENİZ,TUR053,TUR053006,"RİZE, GÜNEYSU"
RİZE,HEMŞİN,KARADENİZ,TUR053,TUR053007,"RİZE, HEMŞİN"
RİZE,İKİZDERE,KARADENİZ,TUR053,TUR053008,"RİZE, İKİZDERE"
RİZE,İYİDERE,KARADENİZ,TUR053,TUR053009,"RİZE, İYİDERE"
RİZE,KALKANDERE,KARADENİZ,TUR053,TUR053010,"RİZE, KALKANDERE"
RİZE,RİZE,KARADENİZ,TUR053,TUR053012,"RİZE, RİZE"
RİZE,PAZAR,KARADENİZ,TUR053,TUR053011,"RİZE, PAZAR"
SAKARYA,ADAPAZARI,MARMARA,TUR054,TUR054001,"SAKARYA, ADAPAZARI"
SAKARYA,AKYAZI,MARMARA,TUR054,TUR054002,"SAKARYA, AKYAZI"
SAKARYA,ARİFİYE,MARMARA,TUR054,TUR054003,"SAKARYA, ARİFİYE"
SAKARYA,ERENLER,MARMARA,TUR054,TUR054004,"SAKARYA, ERENLER"
SAKARYA,FERİZLİ,MARMARA,TUR054,TUR054005,"SAKARYA, FERİZLİ"
SAKARYA,GEYVE,MARMARA,TUR054,TUR054006,"SAKARYA, GEYVE"
SAKARYA,HENDEK,MARMARA,TUR054,TUR054007,"SAKARYA, HENDEK"
SAKARYA,KARAPÜRÇEK,MARMARA,TUR054,TUR054008,"SAKARYA, KARAPÜRÇEK"
SAKARYA,KARASU,MARMARA,TUR054,TUR054009,"SAKARYA, KARASU"
SAKARYA,KAYNARCA,MARMARA,TUR054,TUR054010,"SAKARYA, KAYNARCA"
SAKARYA,KOCAALİ,MARMARA,TUR054,TUR054011,"SAKARYA, KOCAALİ"
SAKARYA,PAMUKOVA,MARMARA,TUR054,TUR054012,"SAKARYA, PAMUKOVA"
SAKARYA,SAPANCA,MARMARA,TUR054,TUR054013,"SAKARYA, SAPANCA"
SAKARYA,SERDİVAN,MARMARA,TUR054,TUR054014,"SAKARYA, SERDİVAN"
SAKARYA,SÖĞÜTLÜ,MARMARA,TUR054,TUR054015,"SAKARYA, SÖĞÜTLÜ"
SAKARYA,TARAKLI,MARMARA,TUR054,TUR054016,"SAKARYA, TARAKLI"
SAMSUN,19 MAYIS,KARADENİZ,TUR055,TUR055001,"SAMSUN, 19 MAYIS"
SAMSUN,ALAÇAM,KARADENİZ,TUR055,TUR055002,"SAMSUN, ALAÇAM"
SAMSUN,ASARCIK,KARADENİZ,TUR055,TUR055003,"SAMSUN, ASARCIK"
SAMSUN,ATAKUM,KARADENİZ,TUR055,TUR055004,"SAMSUN, ATAKUM"
SAMSUN,AYVACIK,KARADENİZ,TUR055,TUR055005,"SAMSUN, AYVACIK"
SAMSUN,BAFRA,KARADENİZ,TUR055,TUR055006,"SAMSUN, BAFRA"
SAMSUN,CANİK,KARADENİZ,TUR055,TUR055007,"SAMSUN, CANİK"
SAMSUN,ÇARŞAMBA,KARADENİZ,TUR055,TUR055008,"SAMSUN, ÇARŞAMBA"
SAMSUN,HAVZA,KARADENİZ,TUR055,TUR055009,"SAMSUN, HAVZA"
SAMSUN,İLKADIM,KARADENİZ,TUR055,TUR055010,"SAMSUN, İLKADIM"
SAMSUN,KAVAK,KARADENİZ,TUR055,TUR055011,"SAMSUN, KAVAK"
SAMSUN,LADİK,KARADENİZ,TUR055,TUR055012,"SAMSUN, LADİK"
SAMSUN,SALIPAZARI,KARADENİZ,TUR055,TUR055013,"SAMSUN, SALIPAZARI"
SAMSUN,TEKKEKÖY,KARADENİZ,TUR055,TUR055014,"SAMSUN, TEKKEKÖY"
SAMSUN,TERME,KARADENİZ,TUR055,TUR055015,"SAMSUN, TERME"
SAMSUN,VEZİRKÖPRÜ,KARADENİZ,TUR055,TUR055016,"SAMSUN, VEZİRKÖPRÜ"
SAMSUN,YAKAKENT,KARADENİZ,TUR055,TUR055017,"SAMSUN, YAKAKENT"
ŞANLIURFA,AKÇAKALE,GÜNEYDOĞU ANADOLU,TUR063,TUR063001,"ŞANLIURFA, AKÇAKALE"
ŞANLIURFA,BİRECİK,GÜNEYDOĞU ANADOLU,TUR063,TUR063002,"ŞANLIURFA, BİRECİK"
ŞANLIURFA,BOZOVA,GÜNEYDOĞU ANADOLU,TUR063,TUR063003,"ŞANLIURFA, BOZOVA"
ŞANLIURFA,CEYLANPINAR,GÜNEYDOĞU ANADOLU,TUR063,TUR063004,"ŞANLIURFA, CEYLANPINAR"
ŞANLIURFA,EYYÜBİYE,GÜNEYDOĞU ANADOLU,TUR063,TUR063005,"ŞANLIURFA, EYYÜBİYE"
ŞANLIURFA,HALFETİ,GÜNEYDOĞU ANADOLU,TUR063,TUR063006,"ŞANLIURFA, HALFETİ"
ŞANLIURFA,HALİLİYE,GÜNEYDOĞU ANADOLU,TUR063,TUR063007,"ŞANLIURFA, HALİLİYE"
ŞANLIURFA,HARRAN,GÜNEYDOĞU ANADOLU,TUR063,TUR063008,"ŞANLIURFA, HARRAN"
ŞANLIURFA,HİLVAN,GÜNEYDOĞU ANADOLU,TUR063,TUR063009,"ŞANLIURFA, HİLVAN"
ŞANLIURFA,KARAKÖPRÜ,GÜNEYDOĞU ANADOLU,TUR063,TUR063010,"ŞANLIURFA, KARAKÖPRÜ"
ŞANLIURFA,SİVEREK,GÜNEYDOĞU ANADOLU,TUR063,TUR063011,"ŞANLIURFA, SİVEREK"
ŞANLIURFA,SURUÇ,GÜNEYDOĞU ANADOLU,TUR063,TUR063012,"ŞANLIURFA, SURUÇ"
ŞANLIURFA,VİRANŞEHİR,GÜNEYDOĞU ANADOLU,TUR063,TUR063013,"ŞANLIURFA, VİRANŞEHİR"
SİİRT,BAYKAN,GÜNEYDOĞU ANADOLU,TUR056,TUR056001,"SİİRT, BAYKAN"
SİİRT,ERUH,GÜNEYDOĞU ANADOLU,TUR056,TUR056002,"SİİRT, ERUH"
SİİRT,KURTALAN,GÜNEYDOĞU ANADOLU,TUR056,TUR056003,"SİİRT, KURTALAN"
SİİRT,SİİRT,GÜNEYDOĞU ANADOLU,TUR056,TUR056005,"SİİRT, SİİRT"
SİİRT,PERVARİ,GÜNEYDOĞU ANADOLU,TUR056,TUR056004,"SİİRT, PERVARİ"
SİİRT,ŞİRVAN,GÜNEYDOĞU ANADOLU,TUR056,TUR056006,"SİİRT, ŞİRVAN"
SİİRT,TİLLO,GÜNEYDOĞU ANADOLU,TUR056,TUR056007,"SİİRT, TİLLO"
SİNOP,AYANCIK,KARADENİZ,TUR057,TUR057001,"SİNOP, AYANCIK"
SİNOP,BOYABAT,KARADENİZ,TUR057,TUR057002,"SİNOP, BOYABAT"
SİNOP,DİKMEN,KARADENİZ,TUR057,TUR057003,"SİNOP, DİKMEN"
SİNOP,DURAĞAN,KARADENİZ,TUR057,TUR057004,"SİNOP, DURAĞAN"
SİNOP,ERFELEK,KARADENİZ,TUR057,TUR057005,"SİNOP, ERFELEK"
SİNOP,GERZE,KARADENİZ,TUR057,TUR057006,"SİNOP, GERZE"
SİNOP,SİNOP,KARADENİZ,TUR057,TUR057008,"SİNOP, SİNOP"
SİNOP,SARAYDÜZÜ,KARADENİZ,TUR057,TUR057007,"SİNOP, SARAYDÜZÜ"
SİNOP,TÜRKELİ,KARADENİZ,TUR057,TUR057009,"SİNOP, TÜRKELİ"
ŞIRNAK,BEYTÜŞŞEBAP,GÜNEYDOĞU ANADOLU,TUR073,TUR073001,"ŞIRNAK, BEYTÜŞŞEBAP"
ŞIRNAK,CİZRE,GÜNEYDOĞU ANADOLU,TUR073,TUR073002,"ŞIRNAK, CİZRE"
ŞIRNAK,GÜÇLÜKONAK,GÜNEYDOĞU ANADOLU,TUR073,TUR073003,"ŞIRNAK, GÜÇLÜKONAK"
ŞIRNAK,İDİL,GÜNEYDOĞU ANADOLU,TUR073,TUR073004,"ŞIRNAK, İDİL"
ŞIRNAK,ŞIRNAK,GÜNEYDOĞU ANADOLU,TUR073,TUR073006,"ŞIRNAK, ŞIRNAK"
ŞIRNAK,SİLOPİ,GÜNEYDOĞU ANADOLU,TUR073,TUR073005,"ŞIRNAK, SİLOPİ"
ŞIRNAK,ULUDERE,GÜNEYDOĞU ANADOLU,TUR073,TUR073007,"ŞIRNAK, ULUDERE"
SİVAS,AKINCILAR,İÇ ANADOLU,TUR058,TUR058001,"SİVAS, AKINCILAR"
SİVAS,ALTINYAYLA,İÇ ANADOLU,TUR058,TUR058002,"SİVAS, ALTINYAYLA"
SİVAS,DİVRİĞİ,İÇ ANADOLU,TUR058,TUR058003,"SİVAS, DİVRİĞİ"
SİVAS,DOĞANŞAR,İÇ ANADOLU,TUR058,TUR058004,"SİVAS, DOĞANŞAR"
SİVAS,GEMEREK,İÇ ANADOLU,TUR058,TUR058005,"SİVAS, GEMEREK"
SİVAS,GÖLOVA,İÇ ANADOLU,TUR058,TUR058006,"SİVAS, GÖLOVA"
SİVAS,GÜRÜN,İÇ ANADOLU,TUR058,TUR058007,"SİVAS, GÜRÜN"
SİVAS,HAFİK,İÇ ANADOLU,TUR058,TUR058008,"SİVAS, HAFİK"
SİVAS,İMRANLI,İÇ ANADOLU,TUR058,TUR058009,"SİVAS, İMRANLI"
SİVAS,KANGAL,İÇ ANADOLU,TUR058,TUR058010,"SİVAS, KANGAL"
SİVAS,KOYULHİSAR,İÇ ANADOLU,TUR058,TUR058011,"SİVAS, KOYULHİSAR"
SİVAS,SİVAS,İÇ ANADOLU,TUR058,TUR058012,"SİVAS, SİVAS"
SİVAS,ŞARKIŞLA,İÇ ANADOLU,TUR058,TUR058014,"SİVAS, ŞARKIŞLA"
SİVAS,SUŞEHRİ,İÇ ANADOLU,TUR058,TUR058013,"SİVAS, SUŞEHRİ"
SİVAS,ULAŞ,İÇ ANADOLU,TUR058,TUR058015,"SİVAS, ULAŞ"
SİVAS,YILDIZELİ,İÇ ANADOLU,TUR058,TUR058016,"SİVAS, YILDIZELİ"
SİVAS,ZARA,İÇ ANADOLU,TUR058,TUR058017,"SİVAS, ZARA"
TEKİRDAĞ,ÇERKEZKÖY,MARMARA,TUR059,TUR059001,"TEKİRDAĞ, ÇERKEZKÖY"
TEKİRDAĞ,ÇORLU,MARMARA,TUR059,TUR059002,"TEKİRDAĞ, ÇORLU"
TEKİRDAĞ,ERGENE,MARMARA,TUR059,TUR059003,"TEKİRDAĞ, ERGENE"
TEKİRDAĞ,HAYRABOLU,MARMARA,TUR059,TUR059004,"TEKİRDAĞ, HAYRABOLU"
TEKİRDAĞ,KAPAKLI,MARMARA,TUR059,TUR059005,"TEKİRDAĞ, KAPAKLI"
TEKİRDAĞ,MALKARA,MARMARA,TUR059,TUR059006,"TEKİRDAĞ, MALKARA"
TEKİRDAĞ,MARMARAEREĞLİSİ,MARMARA,TUR059,TUR059007,"TEKİRDAĞ, MARMARAEREĞLİSİ"
TEKİRDAĞ,MURATLI,MARMARA,TUR059,TUR059008,"TEKİRDAĞ, MURATLI"
TEKİRDAĞ,SARAY,MARMARA,TUR059,TUR059009,"TEKİRDAĞ, SARAY"
TEKİRDAĞ,ŞARKÖY,MARMARA,TUR059,TUR059011,"TEKİRDAĞ, ŞARKÖY"
TEKİRDAĞ,SÜLEYMANPAŞA,MARMARA,TUR059,TUR059010,"TEKİRDAĞ, SÜLEYMANPAŞA"
TOKAT,ALMUS,KARADENİZ,TUR060,TUR060001,"TOKAT, ALMUS"
TOKAT,ARTOVA,KARADENİZ,TUR060,TUR060002,"TOKAT, ARTOVA"
TOKAT,BAŞÇİFTLİK,KARADENİZ,TUR060,TUR060003,"TOKAT, BAŞÇİFTLİK"
TOKAT,ERBAA,KARADENİZ,TUR060,TUR060004,"TOKAT, ERBAA"
TOKAT,TOKAT,KARADENİZ,TUR060,TUR060009,"TOKAT, TOKAT"
TOKAT,NİKSAR,KARADENİZ,TUR060,TUR060005,"TOKAT, NİKSAR"
TOKAT,PAZAR,KARADENİZ,TUR060,TUR060006,"TOKAT, PAZAR"
TOKAT,REŞADİYE,KARADENİZ,TUR060,TUR060007,"TOKAT, REŞADİYE"
TOKAT,SULUSARAY,KARADENİZ,TUR060,TUR060008,"TOKAT, SULUSARAY"
TOKAT,TURHAL,KARADENİZ,TUR060,TUR060010,"TOKAT, TURHAL"
TOKAT,YEŞİLYURT,KARADENİZ,TUR060,TUR060011,"TOKAT, YEŞİLYURT"
TOKAT,ZİLE,KARADENİZ,TUR060,TUR060012,"TOKAT, ZİLE"
TRABZON,AKÇAABAT,KARADENİZ,TUR061,TUR061001,"TRABZON, AKÇAABAT"
TRABZON,ARAKLI,KARADENİZ,TUR061,TUR061002,"TRABZON, ARAKLI"
TRABZON,ARSİN,KARADENİZ,TUR061,TUR061003,"TRABZON, ARSİN"
TRABZON,BEŞİKDÜZÜ,KARADENİZ,TUR061,TUR061004,"TRABZON, BEŞİKDÜZÜ"
TRABZON,ÇARŞIBAŞI,KARADENİZ,TUR061,TUR061005,"TRABZON, ÇARŞIBAŞI"
TRABZON,ÇAYKARA,KARADENİZ,TUR061,TUR061006,"TRABZON, ÇAYKARA"
TRABZON,DERNEKPAZARI,KARADENİZ,TUR061,TUR061007,"TRABZON, DERNEKPAZARI"
TRABZON,DÜZKÖY,KARADENİZ,TUR061,TUR061008,"TRABZON, DÜZKÖY"
TRABZON,HAYRAT,KARADENİZ,TUR061,TUR061009,"TRABZON, HAYRAT"
TRABZON,KÖPRÜBAŞI,KARADENİZ,TUR061,TUR061010,"TRABZON, KÖPRÜBAŞI"
TRABZON,MAÇKA,KARADENİZ,TUR061,TUR061011,"TRABZON, MAÇKA"
TRABZON,OF,KARADENİZ,TUR061,TUR061012,"TRABZON, OF"
TRABZON,ORTAHİSAR,KARADENİZ,TUR061,TUR061013,"TRABZON, ORTAHİSAR"
TRABZON,ŞALPAZARI,KARADENİZ,TUR061,TUR061015,"TRABZON, ŞALPAZARI"
TRABZON,SÜRMENE,KARADENİZ,TUR061,TUR061014,"TRABZON, SÜRMENE"
TRABZON,TONYA,KARADENİZ,TUR061,TUR061016,"TRABZON, TONYA"
TRABZON,VAKFIKEBİR,KARADENİZ,TUR061,TUR061017,"TRABZON, VAKFIKEBİR"
TRABZON,YOMRA,KARADENİZ,TUR061,TUR061018,"TRABZON, YOMRA"
TUNCELİ,ÇEMİŞGEZEK,DOĞU ANADOLU,TUR062,TUR062001,"TUNCELİ, ÇEMİŞGEZEK"
TUNCELİ,HOZAT,DOĞU ANADOLU,TUR062,TUR062002,"TUNCELİ, HOZAT"
TUNCELİ,MAZGİRT,DOĞU ANADOLU,TUR062,TUR062003,"TUNCELİ, MAZGİRT"
TUNCELİ,TUNCELİ,DOĞU ANADOLU,TUR062,TUR062008,"TUNCELİ, TUNCELİ"
TUNCELİ,NAZIMİYE,DOĞU ANADOLU,TUR062,TUR062004,"TUNCELİ, NAZIMİYE"
TUNCELİ,OVACIK,DOĞU ANADOLU,TUR062,TUR062005,"TUNCELİ, OVACIK"
TUNCELİ,PERTEK,DOĞU ANADOLU,TUR062,TUR062006,"TUNCELİ, PERTEK"
TUNCELİ,PÜLÜMÜR,DOĞU ANADOLU,TUR062,TUR062007,"TUNCELİ, PÜLÜMÜR"
UŞAK,BANAZ,EGE,TUR064,TUR064001,"UŞAK, BANAZ"
UŞAK,EŞME,EGE,TUR064,TUR064002,"UŞAK, EŞME"
UŞAK,KARAHALLI,EGE,TUR064,TUR064003,"UŞAK, KARAHALLI"
UŞAK,UŞAK,EGE,TUR064,TUR064006,"UŞAK, UŞAK"
UŞAK,SİVASLI,EGE,TUR064,TUR064004,"UŞAK, SİVASLI"
UŞAK,ULUBEY,EGE,TUR064,TUR064005,"UŞAK, ULUBEY"
VAN,BAHÇESARAY,DOĞU ANADOLU,TUR065,TUR065001,"VAN, BAHÇESARAY"
VAN,BAŞKALE,DOĞU ANADOLU,TUR065,TUR065002,"VAN, BAŞKALE"
VAN,ÇALDIRAN,DOĞU ANADOLU,TUR065,TUR065003,"VAN, ÇALDIRAN"
VAN,ÇATAK,DOĞU ANADOLU,TUR065,TUR065004,"VAN, ÇATAK"
VAN,EDREMİT,DOĞU ANADOLU,TUR065,TUR065005,"VAN, EDREMİT"
VAN,ERCİŞ,DOĞU ANADOLU,TUR065,TUR065006,"VAN, ERCİŞ"
VAN,GEVAŞ,DOĞU ANADOLU,TUR065,TUR065007,"VAN, GEVAŞ"
VAN,GÜRPINAR,DOĞU ANADOLU,TUR065,TUR065008,"VAN, GÜRPINAR"
VAN,İPEKYOLU,DOĞU ANADOLU,TUR065,TUR065009,"VAN, İPEKYOLU"
VAN,MURADİYE,DOĞU ANADOLU,TUR065,TUR065010,"VAN, MURADİYE"
VAN,ÖZALP,DOĞU ANADOLU,TUR065,TUR065011,"VAN, ÖZALP"
VAN,SARAY,DOĞU ANADOLU,TUR065,TUR065012,"VAN, SARAY"
VAN,TUŞBA,DOĞU ANADOLU,TUR065,TUR065013,"VAN, TUŞBA"
YALOVA,ALTINOVA,MARMARA,TUR077,TUR077001,"YALOVA, ALTINOVA"
YALOVA,ARMUTLU,MARMARA,TUR077,TUR077002,"YALOVA, ARMUTLU"
YALOVA,ÇİFTLİKKÖY,MARMARA,TUR077,TUR077003,"YALOVA, ÇİFTLİKKÖY"
YALOVA,ÇINARCIK,MARMARA,TUR077,TUR077004,"YALOVA, ÇINARCIK"
YALOVA,TERMAL,MARMARA,TUR077,TUR077005,"YALOVA, TERMAL"
YALOVA,YALOVA,MARMARA,TUR077,TUR077006,"YALOVA, YALOVA"
YOZGAT,AKDAĞMADENİ,İÇ ANADOLU,TUR066,TUR066001,"YOZGAT, AKDAĞMADENİ"
YOZGAT,AYDINCIK,İÇ ANADOLU,TUR066,TUR066002,"YOZGAT, AYDINCIK"
YOZGAT,BOĞAZLIYAN,İÇ ANADOLU,TUR066,TUR066003,"YOZGAT, BOĞAZLIYAN"
YOZGAT,ÇANDIR,İÇ ANADOLU,TUR066,TUR066004,"YOZGAT, ÇANDIR"
YOZGAT,ÇAYIRALAN,İÇ ANADOLU,TUR066,TUR066005,"YOZGAT, ÇAYIRALAN"
YOZGAT,ÇEKEREK,İÇ ANADOLU,TUR066,TUR066006,"YOZGAT, ÇEKEREK"
YOZGAT,KADIŞEHRİ,İÇ ANADOLU,TUR066,TUR066007,"YOZGAT, KADIŞEHRİ"
YOZGAT,YOZGAT,İÇ ANADOLU,TUR066,TUR066014,"YOZGAT, YOZGAT"
YOZGAT,SARAYKENT,İÇ ANADOLU,TUR066,TUR066008,"YOZGAT, SARAYKENT"
YOZGAT,SARIKAYA,İÇ ANADOLU,TUR066,TUR066009,"YOZGAT, SARIKAYA"
YOZGAT,ŞEFAATLİ,İÇ ANADOLU,TUR066,TUR066011,"YOZGAT, ŞEFAATLİ"
YOZGAT,SORGUN,İÇ ANADOLU,TUR066,TUR066010,"YOZGAT, SORGUN"
YOZGAT,YENİFAKILI,İÇ ANADOLU,TUR066,TUR066012,"YOZGAT, YENİFAKILI"
YOZGAT,YERKÖY,İÇ ANADOLU,TUR066,TUR066013,"YOZGAT, YERKÖY"
ZONGULDAK,ALAPLI,KARADENİZ,TUR067,TUR067001,"ZONGULDAK, ALAPLI"
ZONGULDAK,ÇAYCUMA,KARADENİZ,TUR067,TUR067002,"ZONGULDAK, ÇAYCUMA"
ZONGULDAK,DEVREK,KARADENİZ,TUR067,TUR067003,"ZONGULDAK, DEVREK"
ZONGULDAK,EREĞLİ,KARADENİZ,TUR067,TUR067004,"ZONGULDAK, EREĞLİ"
ZONGULDAK,GÖKÇEBEY,KARADENİZ,TUR067,TUR067005,"ZONGULDAK, GÖKÇEBEY"
ZONGULDAK,KİLİMLİ,KARADENİZ,TUR067,TUR067006,"ZONGULDAK, KİLİMLİ"
ZONGULDAK,KOZLU,KARADENİZ,TUR067,TUR067007,"ZONGULDAK, KOZLU"
ZONGULDAK,ZONGULDAK,KARADENİZ,TUR067,TUR067008,"ZONGULDAK, ZONGULDAK"
